run_id,current time,current time folder YYYY_MM_DD_hh_mm_ss,K,log2(K),D,M,bits,beta,max_channel_number,change_channel_size_across_layers,use_EMA,model_param_number,encoder_param_number,VQ_param_number,decoder_param_number,[percentage] encoder_param_number,[percentage] VQ_param_number,[percentage] decoder_param_number,last_train_loss_value,last_train_loss_value:(1/var)||X - X_rec ||^2,last_train_loss_value: (1+beta)*||Z_e-Z_q||^2,last_train_loss_value:beta*||Z_e-Z_q||^2,last_train_loss_value:||Z_e-Z_q||^2,[percentage] last_train_loss_value:(1/var)||X - X_rec ||^2,[percentage] last_train_loss_value: (1+beta)*||Z_e-Z_q||^2,[percentage] last_train_loss_value:beta*||Z_e-Z_q||^2,[percentage] last_train_loss_value:||Z_e-Z_q||^2,last_val_loss_value,last_val_loss_value:(1/var)||X - X_rec ||^2,last_val_loss_value: (1+beta)*||Z_e-Z_q||^2,last_val_loss_value:beta*||Z_e-Z_q||^2,last_val_loss_value:||Z_e-Z_q||^2,[percentage] last_val_loss_value:(1/var)||X - X_rec ||^2,[percentage] last_val_loss_value: (1+beta)*||Z_e-Z_q||^2,[percentage] last_val_loss_value:beta*||Z_e-Z_q||^2,[percentage] last_val_loss_value:||Z_e-Z_q||^2,mean test loss value,mean test loss value:(1/var)||X - X_rec ||^2,mean test loss value: (1+beta)*||Z_e-Z_q||^2,mean test loss value:beta*||Z_e-Z_q||^2,mean test loss value:||Z_e-Z_q||^2,[percentage] mean test loss value:(1/var)||X - X_rec ||^2,[percentage] mean test loss value: (1+beta)*||Z_e-Z_q||^2,[percentage] mean test loss value:beta*||Z_e-Z_q||^2,[percentage] mean test loss value:||Z_e-Z_q||^2,last_train_perplexity,last_val_perplexity,mean test perplexity,true_perplexity,last_train_entropy,last_val_entropy,mean test entropy,true_entropy
201,12:05  01.01.2023,2023_01_01_12_05_23,2048,11,64,7,704,0.25,128,True,False,855683,403360,131072,321251,47.13895215868493,15.317822137403688,37.543225703911375,0.002123399971120913,0.001321256648831574,0.0008021433211524709,0.00016042866423049418,0.0006417146569219767,62.223635057040205,37.7763648894198,7.555272977883962,30.221091911535847,0.0028227405709913,0.001970777550013736,0.0008519629773218185,0.0001703925954643637,0.0006815703818574548,69.8178773588687,30.182121094558223,6.036424218911645,24.14569687564658,0.0029536357683177528,0.0020888299882209083,0.0008648057784754748,0.00017296115569509496,0.0006918446227803798,70.72063558502354,29.279364360082425,5.8558728720164845,23.423491488065938,18.738943099975586,15.399176597595215,10.647985639050603,2048,4.227967680359221,3.9447813061760586,3.4125086254868022,11.0
202,13:13  01.01.2023,2023_01_01_13_13_13,2048,11,64,7,704,0.25,256,True,False,2530499,1429248,131072,970179,56.48087590629358,5.179689855637169,38.339434238069245,0.0022157593460481926,0.0016252272713851805,0.0005905320748903856,0.00011810641497807713,0.0004724256599123085,73.34854637006379,26.651453640197875,5.330290728039574,21.321162912158297,0.0030145338241709396,0.00243045423849253,0.0005840795938638621,0.00011681591877277242,0.0004672636750910897,80.6245469533239,19.375453318209036,3.8750906636418074,15.50036265456723,0.0028434798585692533,0.00227099667394981,0.0005724831880682402,0.00011449663761364803,0.00045798655045459213,79.86681063014464,20.13318949114326,4.026637898228652,16.10655159291461,14.523314476013184,14.692095756530762,9.065533021930605,2048,3.8602988342005635,3.8769682989433707,3.180391847932876,11.0
203,14:21  01.01.2023,2023_01_01_14_21_39,2048,11,64,7,704,0.25,128,False,False,1586115,768576,131072,686467,48.456511665295395,8.263713539056122,43.279774795648486,0.02160891777991007,0.015148943678165475,0.006459974041111613,0.0012919948082223225,0.00516797923288929,70.10505492435874,29.89494479504886,5.978988959009772,23.91595583603909,0.02676878299098462,0.0194279010174796,0.00734088182070991,0.001468176364141982,0.005872705456567928,72.57670632252002,27.4232931066841,5.48465862133682,21.93863448534728,0.02700015724963123,0.01986699705224737,0.007133160200698541,0.0014266320401397081,0.0057065281605588325,73.58104202344494,26.418957988831586,5.283791597766317,21.13516639106527,20.58997344970703,20.44571876525879,12.016760541475378,2048,4.363870064536952,4.353726876306161,3.5869761239950217,11.0
204,16:40  01.01.2023,2023_01_01_16_40_27,2048,11,64,7,704,0.25,256,False,False,5433155,2880576,131072,2421507,53.01847637330428,2.412447279711328,44.569076346984396,0.0005528904312086524,0.0002486404628143646,0.00030424996756058437,6.0849993512116875e-05,0.0002433999740484675,44.97101935202989,55.028980497180115,11.005796099436022,44.02318439774409,0.0012739433877868578,0.0009985203068936244,0.0002754230808932334,5.5084616178646684e-05,0.00022033846471458673,78.38027313193966,21.61972686806034,4.3239453736120685,17.295781494448274,0.0011310600927654235,0.0008383208190956282,0.00029273927032558156,5.854785406511631e-05,0.00023419141626046525,74.118150260783,25.88184944354626,5.176369888709251,20.705479554837005,9.02917766571045,9.086978912353516,5.58770114404615,2048,3.174594599929318,3.183800730876197,2.482254860845352,11.0
205,17:28  01.01.2023,2023_01_01_17_28_38,2048,11,64,3,176,0.25,128,True,False,870563,410800,131072,328691,47.187854296587375,15.056003988223713,37.7561417151889,0.026129792948874336,0.02356009982759133,0.002569692972732203,0.0005139385945464406,0.0020557543781857626,90.1656583107609,9.834341120727881,1.9668682241455762,7.867472896582305,0.031208111438900232,0.027906169649213552,0.0033019417969626375,0.0006603883593925275,0.00264155343757011,89.41960395087901,10.580396072435319,2.1160792144870637,8.464316857948255,0.03151780434529883,0.028323229801628713,0.003194574503933012,0.0006389149007866024,0.0025556596031464096,89.86422242910264,10.135777444819098,2.0271554889638193,8.108621955855277,32.7272834777832,33.140254974365234,10.902209931053221,2048,5.032421951600049,5.050512797290939,3.4465487008447737,11.0
206,18:18  01.01.2023,2023_01_01_18_18_16,2048,11,64,3,176,0.25,256,True,False,2593027,1460512,131072,1001443,56.32459669721912,5.054787319993197,38.62061598278768,0.0006866456030062787,0.000308585052152921,0.0003780605489585772,7.561210979171544e-05,0.00030244843916686176,44.9409492759978,55.05905044805481,11.011810089610963,44.04724035844385,0.0018257131159771234,0.001364346706395736,0.000461366389572504,9.22732779145008e-05,0.0003690931116580032,74.72952319047872,25.27047571357235,5.05409514271447,20.21638057085788,0.001680731148240966,0.00122457676914145,0.00045615438145407694,9.123087629081539e-05,0.00036492350516326155,72.85976525294234,27.14023488714914,5.428046977429828,21.71218790971931,29.143596649169922,30.84639549255371,10.416320862714201,2048,4.865107028148595,4.947030010231693,3.3807738897398054,11.0
207,19:23  01.01.2023,2023_01_01_19_23_31,2048,11,64,3,176,0.25,128,False,False,2110659,1030848,131072,948739,48.84010159860025,6.21000360550899,44.94989479589076,0.008111888867764113,0.0039079882359753055,0.004203900599956493,0.0008407801199912986,0.0033631204799651946,48.17605738541716,51.823942222167275,10.364788444433454,41.45915377773382,0.00797192973550409,0.0038536477513844147,0.004118281958653824,0.0008236563917307649,0.0032946255669230595,48.340212210120995,51.659787470435006,10.331957494087,41.327829976348,0.007685248677631762,0.003588784375338605,0.004096464302936198,0.0008192928605872396,0.0032771714423489584,46.69704944986247,53.30295055850475,10.66059011170095,42.6423604468038,87.38034057617188,82.9941635131836,13.254633842268959,2048,6.449236823770851,6.3749379787366465,3.728424911358912,11.0
208,21:39  01.01.2023,2023_01_01_21_39_26,2048,11,64,3,176,0.25,256,False,False,7530819,3929408,131072,3470339,52.177698069758414,1.740474707996567,46.08182722224502,0.0009878575583570637,0.0002992204373792144,0.0006886371219631353,0.00013772742439262706,0.0005509096975705082,30.28983630766131,69.71016379207838,13.942032758415673,55.76813103366269,0.0015647014006390236,0.0009311520625487901,0.0006335493230835709,0.00012670986461671419,0.0005068394584668567,59.5098887345859,40.490110306338934,8.098022061267786,32.39208824507114,0.0014904404409357142,0.000823290396320786,0.0006671500520294416,0.0001334300104058883,0.0005337200416235532,55.2380607576587,44.761939739812604,8.95238794796252,35.80955179185008,47.9005012512207,44.848819732666016,10.837974172318354,2048,5.581968847902401,5.486998113739035,3.438023209080703,11.0
209,22:30  01.01.2023,2023_01_01_22_30_40,2048,11,64,1,44,0.25,128,True,False,873907,412472,131072,330363,47.198614955595964,14.998392277439132,37.802992766964906,0.37986821743349236,0.36786453270663816,0.012003684878436616,0.002400736975687323,0.009602947902749293,96.84003973589714,3.159960304006805,0.6319920608013609,2.5279682432054438,0.4164295084774494,0.3988209143280983,0.017608596754143946,0.003521719350828789,0.014086877403315157,95.77153064543104,4.2284699800752685,0.8456939960150537,3.3827759840602147,0.4253350791095727,0.40789966323427507,0.01743541574322549,0.003487083148645098,0.013948332594580393,95.90078111784285,4.099218851105828,0.8198437702211656,3.2793750808846625,61.637481689453125,59.16859817504883,3.8003782894229516,2048,5.945736014034741,5.886759809987753,1.9261430314802597,11.0
210,23:21  01.01.2023,2023_01_01_23_21_21,2048,11,64,1,44,0.25,256,True,False,2607907,1467952,131072,1008883,56.28851028813527,5.025946093936632,38.68554361792809,0.3573054801672697,0.3495355574414134,0.007769922085572034,0.0015539844171144068,0.006215937668457627,97.82541182345737,2.174587997344627,0.4349175994689254,1.7396703978757015,0.3735476601868868,0.36458224430680275,0.008965412562247366,0.0017930825124494731,0.007172330049797893,97.59992717512978,2.4000719366738767,0.4800143873347753,1.9200575493391012,0.38796788837726126,0.3789554755064728,0.009012413034064082,0.0018024826068128164,0.007209930427251265,97.67702092343664,2.322979118648186,0.4645958237296372,1.8583832949185488,34.5198860168457,32.91546630859375,3.7857725937501527,2048,5.10935579569615,5.040693731238032,1.920587752900487,11.0
211,00:26  02.01.2023,2023_01_02_00_26_58,2048,11,64,1,44,0.25,128,False,False,2635203,1293120,131072,1211011,49.070982387315134,4.9738862622727735,45.955131350412096,0.032706239415953554,0.005709559307433665,0.026996680074565425,0.005399336014913085,0.02159734405965234,17.457095066235702,82.54290482994783,16.508580965989562,66.03432386395825,0.16256850771605968,0.10782948648557067,0.05473902012454346,0.010947804024908692,0.04379121609963477,66.32864384404907,33.671355475655844,6.734271095131169,26.937084380524677,0.15965294934471785,0.10539369887401762,0.054259250332080455,0.010851850066416091,0.043407400265664364,66.01425110315671,33.985748810017604,6.797149762003521,27.188599048014083,35.46354293823242,35.58443832397461,3.8013594725052826,2048,5.148264768859068,5.15317455908013,1.9265154589486297,11.0
212,02:44  02.01.2023,2023_01_02_02_44_18,2048,11,64,1,44,0.25,256,False,False,9628483,4978240,131072,4519171,51.70326415905808,1.3612944012052575,46.935441439736664,0.0015717547479046818,0.0005353899969122722,0.0010363647629674233,0.00020727295259348466,0.0008290918103739386,34.06320213926534,65.93679862262285,13.187359724524567,52.74943889809827,0.14547763857990503,0.1263810102827847,0.019096627074759454,0.0038193254149518907,0.015277301659807563,86.87315213284046,13.126847026919839,2.6253694053839682,10.501477621535873,0.1395386909169325,0.12027976518102257,0.019258925644893843,0.0038517851289787686,0.015407140515915074,86.19814647152253,13.801853463251062,2.7603706926502123,11.04148277060085,43.677955627441406,43.07308578491211,3.8389333150698803,2048,5.448833426530309,5.42871477781516,1.9407054997906026,11.0
213,03:35  02.01.2023,2023_01_02_03_35_55,2048,11,64,0,11,0.25,128,True,False,874555,412796,131072,330687,47.20069063695251,14.987279244873106,37.812030118174384,0.7300465945154428,0.6145454949388901,0.11550109833478928,0.023100219666957855,0.09240087866783142,84.1789413930196,15.821058436886668,3.1642116873773336,12.656846749509334,0.7079535387456417,0.596950925886631,0.11100261530373245,0.02220052306074649,0.08880209224298596,84.32063591974043,15.679364425581918,3.1358728851163837,12.543491540465535,0.7092077418856206,0.6010085531961522,0.10819918875405676,0.021639837750811353,0.08655935100324541,84.74365375626165,15.256346252845457,3.0512692505690913,12.205077002276365,12.540294647216797,9.068796157836914,1.0,2048,3.6484993410404343,3.180911052144283,0.0,11.0
214,04:28  02.01.2023,2023_01_02_04_28_12,2048,11,64,0,11,0.25,256,True,False,2611251,1469624,131072,1010555,56.28045714487041,5.01950980583636,38.70003304929323,0.9994070461640755,0.9994069281965494,1.286608532676444e-07,2.573217065352888e-08,1.0292868261411552e-07,99.99998819624831,1.287371884773782e-05,2.5747437695475635e-06,1.0298975078190254e-05,0.9641450978815556,0.9641447402536869,3.557666117259828e-07,7.115332234519656e-08,2.8461328938078623e-07,99.99996290725645,3.6899696166861436e-05,7.379939233372287e-06,2.9519756933489147e-05,0.9603165355001693,0.9603161866325536,3.55728345148576e-07,7.11456690297152e-08,2.845826761188608e-07,99.99996367160173,3.704282202777016e-05,7.408564405554033e-06,2.9634257622216133e-05,1.0,1.0,1.0,2048,0.0,0.0,0.0,11.0
215,05:34  02.01.2023,2023_01_02_05_34_48,2048,11,64,0,11,0.25,128,False,False,3159747,1555392,131072,1473283,49.22520695486063,4.148180218226333,46.62661282691304,0.9993759995947281,0.9993759995947281,2.9465289283289965e-09,5.893057856657993e-10,2.357223142663197e-09,100.0,2.948368711599926e-07,5.896737423199851e-08,2.3586949692799403e-07,0.9629185758531094,0.9629185758531094,7.58259507266379e-09,1.5165190145327578e-09,6.066076058131031e-09,100.0,7.874596318744705e-07,1.5749192637489412e-07,6.299677054995765e-07,0.9590664490351628,0.9590664461247798,7.718468923625498e-09,1.5436937847250996e-09,6.1747751389003985e-09,99.99999969654,8.047897965141424e-07,1.6095795930282848e-07,6.438318372113139e-07,1.0,1.0,1.0,2048,0.0,0.0,0.0,11.0
216,07:53  02.01.2023,2023_01_02_07_53_47,2048,11,64,0,11,0.25,256,False,False,11726147,6027072,131072,5568003,51.39857107368686,1.1177755148387616,47.48365341147437,0.9992421877880892,0.9992421877880892,1.718915190740411e-08,3.437830381480822e-09,1.3751321525923288e-08,100.0,1.7202187935493211e-06,3.4404375870986425e-07,1.376175034839457e-06,0.962948240339756,0.962948240339756,1.7560463153043493e-08,3.5120926306086986e-09,1.4048370522434794e-08,100.0,1.8236144392192515e-06,3.647228878438503e-07,1.4588915513754013e-06,0.9590531184439897,0.95905311048773,1.6734249784421357e-08,3.3468499568842713e-09,1.3387399827537085e-08,99.99999917040469,1.7448720475015758e-06,3.489744095003152e-07,1.3958976380012608e-06,1.0,1.0,1.0,2048,0.0,0.0,0.0,11.0
217,08:42  02.01.2023,2023_01_02_08_42_55,1024,10,64,7,640,0.25,128,True,False,790147,403360,65536,321251,51.04872890740584,8.294152860163994,40.657118232430165,0.0019180926586462495,0.0007288964103887944,0.0011891962579587319,0.00023783925159174638,0.0009513570063669855,38.00110527002562,61.99889523575166,12.399779047150332,49.59911618860133,0.0023653303796891123,0.001112980280595366,0.0012523500936367782,0.00025047001872735564,0.0010018800749094225,47.053903765513326,52.94609600378028,10.589219200756057,42.35687680302423,0.0023364414131492595,0.0011213246789321119,0.0012151167328955381,0.00024302334657910762,0.0009720933863164305,47.99284384454959,52.00715609888535,10.40143121977707,41.60572487910828,12.703146934509277,12.891658782958984,7.996159855043516,1024,3.6671140331770546,3.688366003581477,2.9993073139751476,10.0
218,09:49  02.01.2023,2023_01_02_09_49_17,1024,10,64,7,640,0.25,256,True,False,2464963,1429248,65536,970179,57.98253361206639,2.6587011650884818,39.35876522284513,0.0002925229020244539,0.00011702503949588088,0.00017549786377912824,3.509957275582565e-05,0.0001403982910233026,40.005428185618776,59.99457224188799,11.9989144483776,47.9956577935104,0.0004425415554578649,0.00026757865180115914,0.00017496290752205823,3.4992581504411646e-05,0.00013997032601764658,60.46407359966803,39.535927273775926,7.9071854547551865,31.628741819020746,0.00044172453543112056,0.00026442252407132827,0.00017730201154475544,3.546040230895109e-05,0.00014184160923580436,59.861407474967045,40.13859256690592,8.027718513381183,32.11087405352473,14.399445533752441,14.539521217346191,10.112895733909681,1024,3.8479413550892207,3.8619078573544234,3.338124253629467,10.0
219,10:56  02.01.2023,2023_01_02_10_56_06,1024,10,64,7,640,0.25,128,False,False,1520579,768576,65536,686467,50.544956888132745,4.30993720155283,45.14510591031443,0.001999195595999481,0.0009073152499089095,0.0010918803400272736,0.00021837606800545473,0.0008735042720218189,45.384016037475554,54.615983659237564,10.923196731847511,43.692786927390046,0.003502536696032621,0.0022551678339368664,0.0012473688957470586,0.0002494737791494117,0.0009978951165976468,64.38670111554666,35.61329984522284,7.122659969044568,28.49063987617827,0.003499352884581697,0.0022677584768260317,0.0012315944109442256,0.0002463188821888451,0.0009852755287553805,64.80508115708695,35.194918934031634,7.038983786806326,28.155935147225303,18.69926643371582,16.574350357055664,10.849252755288035,1024,4.224909769642054,4.050880418919239,3.4395237750350183,10.0
220,13:14  02.01.2023,2023_01_02_13_14_07,1024,10,64,7,640,0.25,256,False,False,5367619,2880576,65536,2421507,53.665806011939374,1.2209510399303676,45.113242948130264,0.008519721081635604,0.00473419751021235,0.003785523607196713,0.0007571047214393426,0.0030284188857573704,55.567517584783246,44.432482835106775,8.886496567021355,35.54598626808542,0.012335946608800441,0.0076852161437273026,0.004650730570574524,0.0009301461141149048,0.003720584456459619,62.2993628899519,37.70063796528352,7.540127593056704,30.160510372226817,0.012327399938328654,0.007856078527026966,0.004471321412076179,0.0008942642824152358,0.0035770571296609432,63.72859294197679,36.27140706430589,7.254281412861177,29.017125651444708,23.041141510009766,24.873476028442383,12.832330676261336,1024,4.526140287797587,4.636536230852754,3.681711319072725,10.0
221,14:02  02.01.2023,2023_01_02_14_02_17,1024,10,64,3,160,0.25,128,True,False,805027,410800,65536,328691,51.02934435739422,8.140844965448364,40.82981067715741,0.03982564597390592,0.03711092167456324,0.002714724267510367,0.0005429448535020734,0.0021717794140082938,93.183477046119,6.816522873951815,1.363304574790363,5.453218299161452,0.04641750524751842,0.043013412738218904,0.0034040926038869657,0.0006808185207773931,0.0027232740831095725,92.66636047941955,7.333639724355836,1.4667279448711672,5.866911779484669,0.04662924245212707,0.04331168393468943,0.003317558469397852,0.0006635116938795704,0.0026540467755182817,92.88524037068865,7.114759526286313,1.4229519052572626,5.69180762102905,62.35634231567383,66.80836486816406,12.736460219370201,1024,5.96246440012316,6.061956844267692,3.6708924671792427,10.0
222,14:51  02.01.2023,2023_01_02_14_51_46,1024,10,64,3,160,0.25,256,True,False,2527491,1460512,65536,1001443,57.7850524492471,2.592927136041236,39.62202041471167,0.0005486737663886743,0.0003666502013099186,0.00018202356898200378,3.6404713796400756e-05,0.00014561885518560302,66.82480989079907,33.17519082059782,6.635038164119564,26.540152656478256,0.0009604576298443135,0.0007735520157439169,0.00018690560636969167,3.7381121273938334e-05,0.00014952448509575333,80.5399417639388,19.46005743116314,3.892011486232628,15.568045944930512,0.0008754086604447764,0.0006923993533405337,0.0001830093077659356,3.660186155318712e-05,0.00014640744621274848,79.09441437199632,20.905585703590425,4.181117140718085,16.72446856287234,60.59186935424805,58.79956817626953,12.961076409323141,1024,5.921052310544658,5.877733654842844,3.6961136330100333,10.0
223,15:56  02.01.2023,2023_01_02_15_56_47,1024,10,64,3,160,0.25,128,False,False,2045123,1030848,65536,948739,50.40518345351356,3.2045016363318983,46.39031491015455,0.0005358242542570224,0.00018052779205390834,0.0003552964657653016,7.105929315306032e-05,0.0002842371726122413,33.691605152183605,66.3083955126216,13.26167910252432,53.04671641009728,0.00111131725134328,0.0007480570639017969,0.00036326017607279937,7.265203521455987e-05,0.0002906081408582395,67.31264749085821,32.687351486150035,6.537470297230007,26.149881188920027,0.0008713622147453748,0.0005121295088352795,0.000359232706546031,7.18465413092062e-05,0.0002873861652368248,58.77343545186102,41.226564621120765,8.245312924224153,32.981251696896614,75.22811889648438,73.65536499023438,12.918685843935236,1024,6.2332001106462345,6.202718708579034,3.6913874139233736,10.0
224,18:12  02.01.2023,2023_01_02_18_12_44,1024,10,64,3,160,0.25,256,False,False,7465283,3929408,65536,3470339,52.635754063174836,0.8778769672897866,46.48636896953538,0.01274109645661762,0.009127964612465197,0.003613131829069971,0.0007226263658139942,0.002890505463255977,71.64190808495297,28.35809179667061,5.671618359334121,22.686473437336485,0.021574202983174473,0.015869958500843495,0.0057042443950194865,0.0011408488790038973,0.004563395516015589,73.55988313088707,26.44011646440972,5.2880232928819435,21.152093171527774,0.020361379782798394,0.014774330862678653,0.005587048907891301,0.0011174097815782602,0.004469639126313041,72.56055837217984,27.43944156776313,5.487888313552626,21.951553254210506,79.0544204711914,92.73412322998047,13.121852226788178,1024,6.304774230634338,6.535028397666167,3.713899474126496,10.0
225,19:03  02.01.2023,2023_01_02_19_03_01,1024,10,64,1,40,0.25,128,True,False,808371,412472,65536,330363,51.025086253712715,8.107168614410957,40.867745131876326,0.9992696214467287,0.9992696214467287,0.0,0.0,0.0,100.0,0.0,0.0,0.0,0.9631787650287151,0.9631787650287151,0.0,0.0,0.0,100.0,0.0,0.0,0.0,0.9593458714407461,0.9593458714407461,0.0,0.0,0.0,100.0,0.0,0.0,0.0,1.0,1.0,1.0,1024,0.0,0.0,0.0,10.0
226,19:53  02.01.2023,2023_01_02_19_53_38,1024,10,64,1,40,0.25,256,True,False,2542371,1467952,65536,1008883,57.7394880605545,2.577751240869252,39.68276069857625,0.34468507083753747,0.34149604476988316,0.003189025424035208,0.0006378050848070416,0.0025512203392281663,99.07480006026795,0.9251997530053487,0.18503995060106976,0.740159802404279,0.3823931161314249,0.3750988468527794,0.007294271708815359,0.0014588543417630717,0.005835417367052287,98.09246846479878,1.9075321707173167,0.3815064341434633,1.5260257365738532,0.39410187481360026,0.387083778536919,0.0070180969725841535,0.0014036193945168307,0.005614477578067323,98.21921773906794,1.7807824375115004,0.3561564875023001,1.4246259500092004,37.41157531738281,36.48754119873047,3.771322675398551,1024,5.225412810701954,5.189332029588406,1.9150705931424343,10.0
227,20:58  02.01.2023,2023_01_02_20_58_56,1024,10,64,1,40,0.25,128,False,False,2569667,1293120,65536,1211011,50.32247369017075,2.5503693669257537,47.1271569429035,0.037935110817973815,0.018795500800479203,0.01913961041282164,0.003827922082564328,0.015311688330257311,49.54645022830358,50.45355081381023,10.090710162762045,40.36284065104818,0.20678892731666565,0.16647062171250582,0.0403183075832203,0.00806366151664406,0.03225464606657624,80.50267674998936,19.497324207054362,3.8994648414108726,15.59785936564349,0.21270687791343335,0.1720343751637472,0.04067250320382243,0.008134500640764486,0.032538002563057944,80.87861419965982,19.12138601384351,3.8242772027687013,15.297108811074805,24.641094207763672,22.7779541015625,3.635909205302596,1024,4.622994416385442,4.509566265985997,1.8623161734882419,10.0
229,02:17  03.01.2023,2023_01_03_02_17_31,1024,10,64,0,10,0.25,128,True,False,809019,412796,65536,330687,51.024265190310736,8.10067501504909,40.87505979464017,0.8233458530157804,0.6965112220495939,0.1268346285117635,0.0253669257023527,0.1014677028094108,84.59521833970352,15.40478136219295,3.0809562724385895,12.323825089754358,0.7864048592746258,0.6766036935150623,0.10980116581777111,0.02196023316355422,0.08784093265421689,86.03757791364066,13.962422093761084,2.792484418752217,11.169937675008867,0.7828321176202735,0.6797992560896091,0.10303286149164315,0.02060657229832863,0.08242628919331452,86.8384473233069,13.161552671708476,2.6323105343416953,10.529242137366781,6.893499374389648,6.8687052726745605,1.0,1024,2.785236529875665,2.7800381816159074,0.0,10.0
230,03:09  03.01.2023,2023_01_03_03_09_13,1024,10,64,0,10,0.25,256,True,False,2545715,1469624,65536,1010555,57.72932162476947,2.574365158707868,39.69631321652267,0.9992252190907797,0.9992252190907797,1.037071927755447e-08,2.074143855510894e-09,8.296575422043576e-09,100.0,1.037876054308462e-06,2.0757521086169244e-07,8.303008434467698e-07,0.9629153348505497,0.9629153348505497,1.0208860701244049e-08,2.04177214024881e-09,8.16708856099524e-09,100.0,1.0602033565940174e-06,2.1204067131880344e-07,8.481626852752138e-07,0.9590423906884098,0.959042386533838,1.0223120195979214e-08,2.044624039195843e-09,8.178496156783371e-09,99.99999956679999,1.0659716708289568e-06,2.131943341657914e-07,8.527773366631656e-07,1.0,1.0,1.0,1024,0.0,0.0,0.0,10.0
231,04:15  03.01.2023,2023_01_03_04_15_41,1024,10,64,0,10,0.25,128,False,False,3094211,1555392,65536,1473283,50.26780655876409,2.118019747198882,47.61417369403703,0.9992093971620003,0.9992092922329903,9.611908424282203e-08,1.9223816848564408e-08,7.689526739425763e-08,99.99998949879671,9.619513639065426e-06,1.9239027278130853e-06,7.695610911252341e-06,0.9629069194197655,0.962906826287508,1.0187446053411264e-07,2.037489210682253e-08,8.149956842729011e-08,99.99999032801036,1.0579886641120078e-05,2.1159773282240157e-06,8.463909312896063e-06,0.9591270966484444,0.9591270217897545,7.98559623996403e-08,1.597119247992806e-08,6.388476991971224e-08,99.99999219512303,8.325899943676649e-06,1.6651799887353294e-06,6.660719954941318e-06,1.0,1.0,1.0,1024,0.0,0.0,0.0,10.0
232,06:34  03.01.2023,2023_01_03_06_34_20,1024,10,64,0,10,0.25,256,False,False,11660611,6027072,65536,5568003,51.687445880837636,0.5620288679555471,47.750525251206824,0.9992252464095751,0.9992240418990453,1.208987176296953e-06,2.417974352593906e-07,9.671897410375625e-07,99.99987945555479,0.00012099245697014727,2.4198491394029455e-05,9.679396557611782e-05,0.9629530049860477,0.962952047586441,9.593969885202114e-07,1.9187939770404228e-07,7.675175908161691e-07,99.99990057670502,9.963071754826831e-05,1.9926143509653666e-05,7.970457403861466e-05,0.9590155584373861,0.9590145381662296,1.021441237374196e-06,2.0428824747483918e-07,8.171529898993567e-07,99.99989361265858,0.00010650934996701471,2.130186999340294e-05,8.520747997361176e-05,1.0,1.0,1.0,1024,0.0,0.0,0.0,10.0
233,07:23  03.01.2023,2023_01_03_07_23_11,512,9,64,7,576,0.25,128,True,False,757379,403360,32768,321251,53.2573519994613,4.326499678496499,42.416148322042204,0.0018512407805246767,0.00045380499129047774,0.0013974357868088796,0.00027948715736177593,0.0011179486294471037,24.513558477350568,75.48644139163896,15.097288278327792,60.38915311331117,0.0023080983228283003,0.0008932576747611165,0.001414840617144364,0.0002829681234288728,0.0011318724937154911,38.70102351907329,61.29897514117357,12.259795028234715,49.03918011293886,0.0023390070313098477,0.0008751382225966609,0.0014638688100543362,0.00029277376201086724,0.001171095048043469,37.41494620931439,62.58505384802402,12.517010769604802,50.06804307841921,12.346863746643066,12.545921325683594,7.79669888864737,512,3.6260727211689505,3.6491465156693716,2.9628634181988778,9.0
234,08:29  03.01.2023,2023_01_03_08_29_09,512,9,64,7,576,0.25,256,True,False,2432195,1429248,32768,970179,58.76370932429349,1.3472603964731444,39.88903027923337,0.0007400106848460078,0.00019661902767135567,0.0005433916597515539,0.00010867833195031078,0.0004347133278012431,26.569755234314087,73.43024511391086,14.68604902278217,58.74419609112868,0.0010806757600221317,0.0005295542123349151,0.0005511215567821637,0.00011022431135643274,0.00044089724542573094,49.00213661904196,50.99786422255617,10.199572844511234,40.79829137804494,0.0010082634848203043,0.0004662442000116229,0.000542019285334483,0.00010840385706689659,0.00043361542826758637,46.242297477897694,53.75770257425154,10.751540514850308,43.006162059401234,13.050068855285645,11.563950538635254,7.711127562331967,512,3.705985513706819,3.531562438128501,2.9469418341538436,9.0
235,09:35  03.01.2023,2023_01_03_09_35_17,512,9,64,7,576,0.25,128,False,False,1487811,768576,32768,686467,51.65817432456139,2.202430281803267,46.13939539363535,0.0011954702076764079,0.000631937197795196,0.0005635330107149154,0.00011270660214298307,0.0004508264085719323,52.86097417881032,47.139025890928224,9.427805178185645,37.71122071274258,0.001979314583877567,0.0013833258271915838,0.0005959887675999198,0.00011919775351998396,0.00047679101407993585,69.8891342720057,30.110866279394088,6.022173255878817,24.08869302351527,0.0019618854576677336,0.0013446207827785273,0.0006172646765412182,0.00012345293530824364,0.0004938117412329746,68.53717058369945,31.46282950050587,6.292565900101173,25.17026360040469,11.217429161071777,11.83512020111084,7.948804052430205,512,3.4876701682002036,3.565002453487638,2.990737814180728,9.0
236,11:52  03.01.2023,2023_01_03_11_52_07,512,9,64,7,576,0.25,256,False,False,5334851,2880576,32768,2421507,53.99543492404943,0.6142252145373882,45.39033986141319,0.0003494349812172004,0.0001826302127483359,0.00016680476723725707,3.3360953447451415e-05,0.00013344381378980566,52.264433318087676,47.7355663294555,9.5471132658911,38.1884530635644,0.0008883789632818662,0.0007144735991460038,0.00017390536413586233,3.4781072827172466e-05,0.00013912429130868986,80.42441668210851,19.575583317891486,3.9151166635782975,15.66046665431319,0.0008304879371117124,0.0006557420730390895,0.00017474586400112457,3.4949172800224915e-05,0.00013979669120089966,78.95865114183866,21.041348849552136,4.208269769910427,16.833079079641706,7.753859043121338,7.16423225402832,5.289723915455397,512,2.954914508671989,2.840812108164683,2.4031924262717217,9.0
237,12:40  03.01.2023,2023_01_03_12_40_05,512,9,64,3,144,0.25,128,True,False,772259,410800,32768,328691,53.19458886202686,4.243136046326427,42.56227509164671,0.02086316644757365,0.016711597825633362,0.004151568603750396,0.0008303137207500791,0.0033212548830003166,80.1009658223615,19.899034090451863,3.9798068180903727,15.919227272361491,0.02500134368892759,0.0204916502116248,0.004509693662839709,0.0009019387325679418,0.003607754930271767,81.962195578712,18.03780516339579,3.607561032679158,14.430244130716632,0.02503925725636691,0.02058045683770615,0.004458800425588549,0.0008917600851177099,0.0035670403404708395,82.19276085944209,17.807239168225642,3.5614478336451283,14.245791334580513,25.885353088378906,26.40142250061035,10.987835504114628,512,4.6940640922586585,4.722543758535044,3.4578353123818735,9.0
238,13:29  03.01.2023,2023_01_03_13_29_29,512,9,64,3,144,0.25,256,True,False,2494723,1460512,32768,1001443,58.54405479085253,1.3134925200112397,40.14245268913623,0.0010559678770126386,0.0008674580421939027,0.00018850983243131242,3.7701966486262485e-05,0.00015080786594504994,82.14814684022062,17.851852933690726,3.5703705867381452,14.281482346952581,0.001527862492366694,0.0013017635137657635,0.00022609897655456734,4.521979531091347e-05,0.00018087918124365387,85.20161469173198,14.79838517433168,2.959677034866336,11.838708139465345,0.001530585050140587,0.0013061837897616613,0.00022440125986067372,4.4880251972134744e-05,0.00017952100788853897,85.33885716717839,14.661142798961876,2.9322285597923754,11.728914239169502,59.31537628173828,58.64641189575195,12.428424396319315,512,5.890334236924817,5.8739709388861225,3.635571506346412,9.0
239,14:34  03.01.2023,2023_01_03_14_34_17,512,9,64,3,144,0.25,128,False,False,2012355,1030848,32768,948739,51.22595168347534,1.6283409239423463,47.14570739258232,0.001207618297485169,0.00013912513873037824,0.0010684931650454625,0.0002136986330090925,0.00085479453203637,11.520621956466078,88.47937856444949,17.695875712889897,70.78350285155959,0.0015066977430251427,0.00048116815378307365,0.0010255295819661114,0.0002051059163932223,0.0008204236655728891,31.935280716421982,68.06471880067043,13.612943760134089,54.451775040536354,0.0013855100541491083,0.00034917967073311296,0.0010363303824689751,0.00020726607649379503,0.0008290643059751801,25.20224733753785,74.7977525941104,14.959550518822082,59.83820207528833,105.67314910888672,103.74581909179688,13.596382597694173,512,6.723465033207396,6.696909387467364,3.7651509594104624,9.0
240,16:49  03.01.2023,2023_01_03_16_49_45,512,9,64,3,144,0.25,256,False,False,7432515,3929408,32768,3470339,52.8678112321334,0.44087364774911314,46.69131512011748,0.02618439111029147,0.015071583484314033,0.011112807635148176,0.0022225615270296353,0.008890246108118541,57.559419353426634,42.44058068159705,8.488116136319409,33.952464545277635,0.02426328940782696,0.011240772379096597,0.013022516650380567,0.0026045033300761133,0.010418013320304453,46.32831183833837,53.67168660231083,10.734337320462167,42.93734928184867,0.022767233825334188,0.010322338429872957,0.012444895384575716,0.002488979076915143,0.009955916307660573,45.33857081217657,54.66142914001123,10.932285828002247,43.729143312008986,43.88080596923828,43.54826736450195,10.704141659894958,512,5.455518119196032,5.4445434149889635,3.4200972089049717,9.0
241,17:40  03.01.2023,2023_01_03_17_40_35,512,9,64,1,36,0.25,128,True,False,775603,412472,32768,330363,53.18081544295213,4.224841832741751,42.594342724306124,0.3782086120918393,0.3673444694528977,0.010864142859645654,0.0021728285719291307,0.008691314287716523,97.1274734917185,2.8725265666366013,0.5745053133273202,2.298021253309281,0.42614925280213356,0.4097373578697443,0.01641189359361306,0.0032823787187226117,0.013129514874890447,96.14879180839266,3.8512078774506984,0.7702415754901396,3.0809663019605584,0.4342251652988125,0.41818826414828436,0.016036900796692066,0.0032073801593384133,0.012829520637353653,96.30677758174326,3.6932223367699697,0.7386444673539939,2.9545778694159757,58.92881393432617,55.825435638427734,3.7920369199709967,512,5.880901324112929,5.802850699169721,1.9229730106496137,9.0
242,18:30  03.01.2023,2023_01_03_18_30_44,512,9,64,1,36,0.25,256,True,False,2509603,1467952,32768,1008883,58.49339517047119,1.3057045277679378,40.200900301760875,0.9992240568002065,0.9992240536957979,6.2312644117951815e-09,1.2462528823590363e-09,4.985011529436145e-09,99.99999968931806,6.236103273723637e-07,1.2472206547447275e-07,4.98888261897891e-07,0.9629718959331512,0.9629718959331512,3.16693782309585e-09,6.3338756461917e-10,2.53355025847668e-09,100.0,3.288712616090404e-07,6.577425232180808e-08,2.6309700928723234e-07,0.9590743228691281,0.9590743228691281,3.16693782309585e-09,6.3338756461917e-10,2.53355025847668e-09,100.0,3.30207758416654e-07,6.604155168333078e-08,2.6416620673332313e-07,1.0,1.0,1.0,512,0.0,0.0,0.0,9.0
243,19:36  03.01.2023,2023_01_03_19_36_07,512,9,64,1,36,0.25,128,False,False,2536899,1293120,32768,1211011,50.97246677932389,1.2916556788425555,47.73587754183355,0.07249633001629263,0.027342526300344616,0.0451538031969297,0.00903076063938594,0.03612304255754376,37.71573856800714,62.2842607160693,12.456852143213858,49.82740857285543,0.18430287763476372,0.12955085467547178,0.05475202342495322,0.010950404684990644,0.04380161873996258,70.29236674871947,29.707633503941416,5.941526700788284,23.766106803153136,0.17311032479710775,0.12024519785049392,0.05286512698191359,0.010573025396382718,0.04229210158553087,69.46159796732293,30.538402053068552,6.10768041061371,24.43072164245484,28.31134796142578,27.92354393005371,3.6732968813739717,512,4.823308535440384,4.8034101483924,1.8770755015629534,9.0
244,21:53  03.01.2023,2023_01_03_21_53_04,512,9,64,1,36,0.25,256,False,False,9530179,4978240,32768,4519171,52.23658443351379,0.34383404550953345,47.41958152097668,0.0019202044095436577,0.0006422270747255728,0.0012779773343633374,0.0002555954668726675,0.00102238186749067,33.44576606186422,66.55423391445355,13.310846782890708,53.243387131562834,0.1645268159918487,0.1421394026838243,0.022387414501281455,0.004477482900256291,0.017909931601025164,86.39284837972336,13.607152345542634,2.721430469108527,10.885721876434108,0.16803653729400025,0.14516559258213135,0.022870944706507856,0.004574188941301571,0.018296755765206285,86.3893025408793,13.610697455930296,2.7221394911860592,10.888557964744237,35.90559768676758,34.76982498168945,3.77919222478522,512,5.166136872790891,5.119763899983269,1.9180779016863658,9.0
245,22:41  03.01.2023,2023_01_03_22_41_12,512,9,64,0,9,0.25,128,True,False,776251,412796,32768,330687,53.17816015695954,4.221315012798695,42.60052483024177,0.7900632154196501,0.641630225504438,0.14843299247634908,0.029686598495269816,0.11874639398107927,81.2125173001036,18.78748302406503,3.7574966048130056,15.029986419252023,0.7766646891832352,0.6385868899524212,0.13807778537739068,0.027615557075478137,0.11046222830191255,82.22169732268621,17.778300893606687,3.555660178721337,14.222640714885348,0.7723195414182555,0.6400401240862266,0.13227941698950474,0.026455883397900948,0.10582353359160379,82.87244977783205,17.12755017781789,3.425510035563578,13.702040142254312,11.153768539428711,13.765813827514648,1.0,512,3.479459332796452,3.7830179986975248,0.0,9.0
246,23:29  03.01.2023,2023_01_03_23_29_14,512,9,64,0,9,0.25,256,True,False,2512947,1469624,32768,1010555,58.48209293709736,1.3039670156195096,40.21394004728313,0.9991753827780485,0.9991752803325653,1.0195704815141315e-07,2.039140963028263e-08,8.156563852113052e-08,99.99998974699687,1.0204119307657257e-05,2.0408238615314514e-06,8.163295446125806e-06,0.9630823209881783,0.9630816914141178,6.393749352184841e-07,1.2787498704369682e-07,5.114999481747873e-07,99.99993462925788,6.638839913107826e-05,1.3277679826215651e-05,5.3110719304862606e-05,0.9592445412126835,0.9592439007392386,6.39463365037507e-07,1.278926730075014e-07,5.115706920300056e-07,99.99993323147358,6.666322690031605e-05,1.3332645380063212e-05,5.333058152025285e-05,1.0,1.0,1.0,512,0.0,0.0,0.0,9.0
247,00:33  04.01.2023,2023_01_04_00_33_25,512,9,64,0,9,0.25,128,False,False,3061443,1555392,32768,1473283,50.805845478749724,1.0703449321120793,48.1238095891382,0.9992275467763344,0.9992275002102057,5.1127621974086005e-08,1.0225524394817201e-08,4.0902097579268805e-08,99.99999533978733,5.116714620111482e-06,1.0233429240222965e-06,4.093371696089186e-06,0.9631763435900211,0.9631762281060219,1.137075350543526e-07,2.274150701087052e-08,9.096602804348208e-08,99.99998801008766,1.1805474232323188e-05,2.3610948464646377e-06,9.44437938585855e-06,0.9593805069562222,0.9593803783609474,1.3184168016979088e-07,2.6368336033958176e-08,1.054733441358327e-07,99.99998659600921,1.374237637869861e-05,2.7484752757397226e-06,1.099390110295889e-05,1.0,1.0,1.0,512,0.0,0.0,0.0,9.0
248,02:48  04.01.2023,2023_01_04_02_48_08,512,9,64,0,9,0.25,256,False,False,11627843,6027072,32768,5568003,51.83310438574033,0.28180635049854047,47.885089263761124,0.9992619374146064,0.999261936172843,1.271679576023375e-08,2.54335915204675e-09,1.0173436608187e-08,99.99999987573193,1.2726188483808314e-06,2.5452376967616633e-07,1.0180950787046653e-06,0.9632556810975075,0.9632556810975075,5.649475852409491e-09,1.1298951704818982e-09,4.519580681927593e-09,100.0,5.864980568785882e-07,1.1729961137571764e-07,4.6919844550287056e-07,0.9594659684371436,0.9594659679569304,5.701590363846234e-09,1.1403180727692468e-09,4.561272291076987e-09,99.99999994994995,5.942462319047594e-07,1.1884924638095188e-07,4.753969855238075e-07,1.0,1.0,1.0,512,0.0,0.0,0.0,9.0
249,03:33  04.01.2023,2023_01_04_03_33_52,256,8,64,7,512,0.25,128,True,False,740995,403360,16384,321251,54.43491521535233,2.2110810464308126,43.35400373821685,0.002187141581089236,0.0007771946808740419,0.0014099468906654997,0.00028198937813309993,0.0011279575125323997,35.534722013148546,64.46527755022245,12.89305551004449,51.57222204017796,0.0025872791156871244,0.0012030711623083334,0.001384207944283844,0.0002768415888567688,0.0011073663554270752,46.49947332755493,53.500526320919526,10.700105264183906,42.80042105673562,0.0025706091727499825,0.0011771371353059834,0.0013934720375274878,0.00027869440750549757,0.0011147776300219903,45.79214716046109,54.20785284278673,10.841570568557346,43.366282274229384,20.690908432006836,18.270774841308594,12.10703295073472,256,4.37092508283928,4.191465913089738,3.597773444500005,8.0
250,04:37  04.01.2023,2023_01_04_04_37_33,256,8,64,7,512,0.25,256,True,False,2415811,1429248,16384,970179,59.16224406627837,0.6781987498194187,40.159557183902216,0.0011733016423628821,0.0007079474905064368,0.00046535415435755567,9.307083087151113e-05,0.00037228332348604454,60.338063541845855,39.66193667132272,7.932387334264543,31.72954933705817,0.0017528431562823243,0.0013047740176261868,0.0004480691313801799,8.961382627603598e-05,0.0003584553051041439,74.43757948050153,25.56242010440385,5.11248402088077,20.44993608352308,0.0015590598664303457,0.0011039487664845637,0.0004551111003570085,9.10222200714017e-05,0.0003640888802856068,70.80861936444985,29.191380661926726,5.838276132385345,23.35310452954138,11.670123100280762,12.542941093444824,8.360340266954154,256,3.5447478740327014,3.648803768659167,3.0635616613800005,8.0
251,05:41  04.01.2023,2023_01_04_05_41_30,256,8,64,7,512,0.25,128,False,False,1471427,768576,16384,686467,52.23337617156678,1.1134769173054457,46.65314691112777,0.00040490913913041976,0.00022224273501099864,0.00018266640362677816,3.653328072535563e-05,0.00014613312290142252,54.88706317873825,45.11293669959422,9.022587339918845,36.09034935967538,0.0008404672153119463,0.0006220143150130752,0.00021845289893462905,4.369057978692581e-05,0.00017476231914770324,74.00815923345796,25.99184060422255,5.198368120844511,20.793472483378043,0.0008514554009035891,0.0006334118090709495,0.00021804359202071133,4.3608718404142266e-05,0.00017443487361656906,74.39166025592822,25.608339766160054,5.121667953232011,20.486671812928044,14.569221496582031,12.782544136047363,9.066543194116093,256,3.8648518842302586,3.6761031023123145,3.180552598459908,8.0
252,07:54  04.01.2023,2023_01_04_07_54_34,256,8,64,7,512,0.25,256,False,False,5318467,2880576,16384,2421507,54.16177255588875,0.30805869435685135,45.530168749754395,0.0009286003920957834,0.00031116003447095864,0.0006174403559574178,0.00012348807119148356,0.0004939522847659342,33.508496993921476,66.4915028265172,13.298300565303444,53.19320226121378,0.002236554370028898,0.00145755399717018,0.0007790003746777074,0.0001558000749355415,0.000623200299742166,65.16962058701695,34.830379494313036,6.9660758988626075,27.86430359545043,0.0024099106325614628,0.0016650455795899077,0.0007448650593100403,0.00014897301186200806,0.0005958920474480323,69.09159024789862,30.908410015118815,6.181682003023763,24.72672801209505,10.541961669921875,10.839536666870117,7.580317797372118,256,3.3980714465054875,3.4382311852788807,2.9222583332356633,8.0
253,08:38  04.01.2023,2023_01_04_08_38_41,256,8,64,3,128,0.25,128,True,False,755875,410800,16384,328691,54.347610385315036,2.1675541590871505,43.48483545559782,0.04135197886110594,0.0396452791756019,0.0017066994829898854,0.0003413398965979771,0.0013653595863919084,95.87274966637861,4.1272498438887055,0.8254499687777411,3.3017998751109645,0.04115554364398122,0.03977928450331092,0.0013762598291577888,0.00027525196583155775,0.001101007863326231,96.65595684368618,3.3440448292050675,0.6688089658410135,2.675235863364054,0.04185291205976682,0.0404885505566881,0.0013643615215297444,0.0002728723043059489,0.0010914892172237955,96.74010376833422,3.2598962757511543,0.6519792551502309,2.6079170206009237,54.71985626220703,55.970115661621094,12.942386619281024,256,5.773992535453398,5.8065848239372535,3.694031774529704,8.0
254,09:24  04.01.2023,2023_01_04_09_24_46,256,8,64,3,128,0.25,256,True,False,2478339,1460512,16384,1001443,58.93108247096139,0.6610879302629705,40.40782959877563,0.0015376191125445378,0.00030841078887533513,0.0012292083177574873,0.00024584166355149745,0.0009833666542059898,20.057684400459863,79.94231521506812,15.98846304301362,63.95385217205448,0.001951902791915927,0.000743713702831883,0.0012081890872650547,0.00024163781745301094,0.0009665512698120438,38.101984684487114,61.898015222322314,12.379603044464462,49.51841217785785,0.001974349711730383,0.0007800435899434355,0.00119430612225635,0.00023886122445127,0.00095544489780508,39.508886663233554,60.49111336054148,12.098222672108296,48.392890688433184,58.775943756103516,59.79783630371094,12.286307382630184,256,5.877153894079469,5.902021378468269,3.618979477543155,8.0
255,10:26  04.01.2023,2023_01_04_10_26_36,256,8,64,3,128,0.25,128,False,False,1995971,1030848,16384,948739,51.646441756919316,0.8208536095965322,47.53270463348415,0.0015902336441892355,0.0004774693649475618,0.0011127642786353438,0.00022255285572706876,0.000890211422908275,30.025107737611396,69.97489222426026,13.99497844485205,55.9799137794082,0.00182591108023189,0.0007909624109743163,0.0010349486956329201,0.00020698973912658403,0.0008279589565063361,43.3187803906565,56.68122105384683,11.336244210769365,45.34497684307746,0.001841981340106713,0.0008172733615570138,0.0010247079751923849,0.00020494159503847698,0.0008197663801539079,44.3692530299827,55.63074678775083,11.126149357550165,44.50459743020066,95.27363586425781,93.60197448730469,13.427678887033835,256,6.574005141446616,6.548467057954566,3.7471380364677565,8.0
256,12:39  04.01.2023,2023_01_04_12_39_12,256,8,64,3,128,0.25,256,False,False,7416131,3929408,16384,3470339,52.98460882096069,0.2209238213294776,46.794467357709834,0.0029710784656344913,0.0006687994834161751,0.002302278970394885,0.000460455794078977,0.001841823176315908,22.510327180919777,77.48967242112941,15.497934484225881,61.991737936903526,0.005166286835446954,0.00324096335680224,0.0019253235132055124,0.0003850647026411025,0.00154025881056441,62.73293489175485,37.267065777213006,7.4534131554426,29.8136526217704,0.0030880041812508807,0.0011798908250106876,0.0019081133544496254,0.0003816226708899251,0.0015264906835597003,38.20884803765844,61.79115190435694,12.358230380871387,49.43292152348555,73.65567016601562,71.00261688232422,13.026890698354691,256,6.202724686075366,6.149800292653671,3.7034208726259905,8.0
257,13:28  04.01.2023,2023_01_04_13_28_02,256,8,64,1,32,0.25,128,True,False,759219,412472,16384,330363,54.328461221334024,2.1580071099379756,43.51353166872799,0.9993052762001753,0.9993052762001753,1.8233895140572654e-10,3.646779028114531e-11,1.4587116112458123e-10,100.0,1.8246571468036704e-08,3.64931429360734e-09,1.459725717442936e-08,0.9628815241158009,0.9628815241158009,8.331202394629145e-10,1.666240478925829e-10,6.664961915703316e-10,100.0,8.65236499607733e-08,1.730472999215466e-08,6.921891996861864e-08,0.9590109264245257,0.9590109264245257,8.339486046171629e-10,1.6678972092343258e-10,6.671588836937303e-10,100.0,8.695923911173444e-08,1.739184782234689e-08,6.956739128938755e-08,1.0,1.0,1.0,256,0.0,0.0,0.0,8.0
258,14:16  04.01.2023,2023_01_04_14_16_55,256,8,64,1,32,0.25,256,True,False,2493219,1467952,16384,1008883,58.87778009071807,0.6571424331356371,40.4650774761463,0.12548737530596554,0.09764623075413208,0.027841144255944528,0.0055682288511889055,0.022272915404755622,77.81358922843776,22.186410535770438,4.437282107154087,17.74912842861635,0.2030209582298994,0.1709977025166154,0.03202325402526185,0.00640465080505237,0.02561860322020948,84.22662566836024,15.77337350018758,3.154674700037516,12.618698800150064,0.21237293393824075,0.18127506726477804,0.03109786704200701,0.006219573408401402,0.024878293633605608,85.35695387506107,14.643046298475326,2.9286092596950652,11.714437038780261,54.363033294677734,50.84285354614258,3.8482157252146862,256,5.76455405130723,5.66797309850599,1.944189676699908,8.0
259,15:20  04.01.2023,2023_01_04_15_20_24,256,8,64,1,32,0.25,128,False,False,2520515,1293120,16384,1211011,51.30380100892079,0.6500258875666283,48.04617310351257,0.004217198268937257,0.001803455147940743,0.0024137431303946264,0.00048274862607892527,0.001930994504315701,42.76429593610778,57.23570428674426,11.447140857348852,45.78856342939541,0.14132146397605538,0.1099185710772872,0.03140289263683371,0.0062805785273667425,0.02512231410946697,77.77910586597879,22.220893948674647,4.44417878973493,17.77671515893972,0.14441151499291038,0.11325123580393637,0.031160279246162936,0.006232055849232587,0.02492822339693035,78.42257995111832,21.577420088483034,4.315484017696607,17.26193607078643,33.280914306640625,33.50017547607422,3.7922975549008697,256,5.056623163208229,5.066096747406998,1.9230721668042385,8.0
260,17:35  04.01.2023,2023_01_04_17_35_32,256,8,64,1,32,0.25,256,False,False,9513795,4978240,16384,4519171,52.32654266777874,0.17221308636564062,47.501244245855624,0.0018548432878257397,0.000689037292128584,0.0011658060013057063,0.00023316120026114126,0.000932644801044565,37.14800579925425,62.85199450311904,12.570398900623807,50.28159560249523,0.15833181561902165,0.1387891685590148,0.01954264589585364,0.003908529179170728,0.01563411671668291,87.65715722793806,12.342842036800231,2.468568407360046,9.874273629440184,0.16113296183574022,0.14127194841638335,0.019861013196189603,0.003972202639237921,0.015888810556951682,87.6741461256057,12.325853735895468,2.4651707471790933,9.860682988716373,26.697364807128906,26.915559768676758,3.741149607405532,256,4.738625441020784,4.750368524595301,1.903481659966884,8.0
261,18:25  04.01.2023,2023_01_04_18_25_27,256,8,64,0,8,0.25,128,True,False,759867,412796,16384,330687,54.32476999264345,2.1561668028747136,43.51906320448184,0.7007877714931965,0.605401374399662,0.09538639768531235,0.01907727953706247,0.07630911814824988,86.38868984681469,13.611310237629967,2.722262047525993,10.889048190103972,0.6973818019032478,0.6010640189051628,0.0963177767698653,0.01926355535397306,0.07705422141589224,86.18865838838626,13.81134071852768,2.7622681437055356,11.049072574822143,0.6923940794949885,0.6024863389720849,0.08990774149316039,0.017981548298632077,0.07192619319452831,87.01494666325287,12.985053476877848,2.59701069537557,10.38804278150228,18.052963256835938,14.137757301330566,1.0,256,4.174163758873064,3.8214813757939305,0.0,8.0
262,19:15  04.01.2023,2023_01_04_19_15_51,256,8,64,0,8,0.25,256,True,False,2496563,1469624,16384,1010555,58.86588882395517,0.6562622293128593,40.47784894673197,0.9991937093436718,0.9991936516016722,6.305888682750505e-08,1.2611777365501009e-08,5.0447109462004036e-08,99.9999942211406,6.310977164670679e-06,1.2621954329341358e-06,5.048781731736543e-06,0.9629766456782818,0.9629766084253788,4.5604998111237194e-08,9.120999622247439e-09,3.6483998488989755e-08,99.99999613148427,4.735836358639298e-06,9.471672717278595e-07,3.788669086911438e-06,0.9591710796485131,0.959171041216905,4.560758437577306e-08,9.121516875154612e-09,3.6486067500618447e-08,99.99999599324782,4.754895695196095e-06,9.50979139039219e-07,3.803916556156876e-06,1.0,1.0,1.0,256,0.0,0.0,0.0,8.0
263,20:20  04.01.2023,2023_01_04_20_20_48,256,8,64,0,8,0.25,128,False,False,3045059,1555392,16384,1473283,51.07920733227173,0.5380519720635955,48.38274069566468,0.9993063292155663,0.9993062062809864,1.2644717721962037e-07,2.5289435443924074e-08,1.011577417756963e-07,99.99998769800848,1.2653495081821272e-05,2.5306990163642542e-06,1.0122796065457017e-05,0.9629765301942825,0.9629764184355736,1.1423305523727834e-07,2.2846611047455667e-08,9.138644418982267e-08,99.99998839445142,1.1862496297207947e-05,2.3724992594415897e-06,9.489997037766359e-06,0.9592270017383271,0.9592268835294817,1.2324743795560813e-07,2.4649487591121627e-08,9.859795036448651e-08,99.99998767665576,1.2848620580139746e-05,2.569724116027949e-06,1.0278896464111796e-05,1.0,1.0,1.0,256,0.0,0.0,0.0,8.0
264,22:38  04.01.2023,2023_01_04_22_38_52,256,8,64,0,8,0.25,256,False,False,11611459,6027072,16384,5568003,51.906241928770534,0.14110199243695387,47.95265607879251,0.9992088588575522,0.9992088588575522,8.651638896036336e-10,1.7303277792072672e-10,6.921311116829069e-10,100.0,8.658488982902141e-08,1.7316977965804282e-08,6.926791186321713e-08,0.9630176834762096,0.9630176834762096,1.7627553583476896e-09,3.525510716695379e-10,1.4102042866781517e-09,100.0,1.8304496257894903e-07,3.6608992515789806e-08,1.4643597006315922e-07,0.9591087048902409,0.9591087048902409,1.7627553583476896e-09,3.525510716695379e-10,1.4102042866781517e-09,100.0,1.8379098733645807e-07,3.675819746729162e-08,1.4703278986916647e-07,1.0,1.0,1.0,256,0.0,0.0,0.0,8.0
265,23:28  04.01.2023,2023_01_04_23_28_01,128,7,64,7,448,0.25,128,True,False,732803,403360,8192,321251,55.04344278066547,1.1178993535779738,43.83865786575655,0.004607183664726715,0.0023752563890108527,0.002231927261770276,0.0004463854523540552,0.0017855418094162208,51.55549597894631,48.44450371836148,9.688900743672296,38.75560297468918,0.005464225425384939,0.0032966656290227547,0.00216755986912176,0.000433511973824352,0.001734047895297408,60.33180135115883,39.668199980403664,7.933639996080732,31.734559984322928,0.005453903789444325,0.00323058412703503,0.002223319662570944,0.0004446639325141888,0.0017786557300567551,59.23434390770909,40.76565609525481,8.153131219050962,32.61252487620385,20.492719650268555,20.269960403442383,11.912098634289578,128,4.357039556327093,4.341271365447818,3.5743556997403036,7.0
266,01:49  05.01.2023,2023_01_05_01_49_53,128,7,64,7,448,0.25,256,True,False,2407619,1429248,8192,970179,59.36354547791822,0.3402531712866529,40.296201350795116,0.00138850549289297,0.0004664114509675225,0.000922094041773865,0.000184418808354773,0.000737675233419092,33.59089707277628,66.40910291630676,13.281820583261354,53.127282333045414,0.0019533308513928205,0.0010103856002388056,0.0009429452529730042,0.00018858905059460085,0.0007543562023784034,51.72629099255517,48.273709100567274,9.654741820113454,38.618967280453816,0.0018757307811441137,0.0009377359722488876,0.0009379948094934143,0.00018759896189868286,0.0007503958475947314,49.99310037855804,50.0068996533329,10.00137993066658,40.00551972266632,12.304404258728027,11.700217247009277,8.066827045637183,128,3.62110290353391,3.548463412582636,3.0120013245973194,7.0
267,02:56  05.01.2023,2023_01_05_02_56_39,128,7,64,7,448,0.25,128,False,False,1463235,768576,8192,686467,52.52580754287589,0.5598553889156561,46.914337068208454,0.0008480675399672085,0.000309690443676421,0.0005383771004593049,0.00010767542009186097,0.0004307016803674439,36.51719103509085,63.482809456440435,12.696561891288088,50.78624756515235,0.0012595950356626417,0.0007524256798205897,0.000507169345382863,0.00010143386907657259,0.00040573547630629037,59.73552280830936,40.26447636132939,8.052895272265879,32.211581089063515,0.0012798549588239894,0.0007999815016317413,0.00047987345858757635,9.597469171751527e-05,0.0003838987668700611,62.505637542461386,37.49436256656099,7.498872513312197,29.995490053248787,7.393032550811768,7.157820224761963,4.930060680198949,128,2.8861662653990012,2.839520309596515,2.3016054036992015,7.0
268,05:13  05.01.2023,2023_01_05_05_13_58,128,7,64,7,448,0.25,256,False,False,5310275,2880576,8192,2421507,54.2453262778293,0.15426696357533273,45.60040675859536,9.001109575971593e-05,5.8014537633728956e-05,3.1996558291780275e-05,6.399311658356055e-06,2.559724663342422e-05,64.45265124712893,35.54734893706315,7.10946978741263,28.43787914965052,0.00020303032488300232,0.00017172536217913148,3.130496324388332e-05,6.260992648776664e-06,2.5043970595106657e-05,84.5811394322939,15.418860833682372,3.0837721667364746,12.335088666945898,0.0002218726217790845,0.00019018972217388352,3.1682900030471917e-05,6.336580006094383e-06,2.5346320024377533e-05,85.72023021535878,14.279769976314672,2.8559539952629343,11.423815981051737,9.253236770629883,8.749606132507324,6.776440966874361,128,3.2099581068309075,3.1292180748343563,2.7605277589710453,7.0
269,06:02  05.01.2023,2023_01_05_06_02_38,128,7,64,3,112,0.25,128,True,False,747683,410800,8192,328691,54.943070793370985,1.0956514993653728,43.96127770726364,0.038148611512345575,0.035646530450321734,0.0025020811093175626,0.0005004162218635125,0.00200166488745405,93.441226396368,6.558773727604331,1.311754745520866,5.247018982083464,0.04213633178733289,0.03928519273176789,0.0028511390519270208,0.0005702278103854042,0.0022809112415416166,93.23353757997957,6.766462411386594,1.3532924822773187,5.413169929109275,0.04365837535067385,0.040852867929686454,0.002805507431293819,0.0005611014862587638,0.002244405945035055,93.5739536836794,6.426046339927573,1.2852092679855147,5.140837071942059,33.239994049072266,32.543514251708984,11.11804888676852,128,5.054848218711182,5.024298145521601,3.4748317257221912,7.0
270,06:52  05.01.2023,2023_01_05_06_52_35,128,7,64,3,112,0.25,256,True,False,2470147,1460512,8192,1001443,59.126521619968365,0.33164018173817184,40.54183819829346,0.0005031851363431391,0.00025047532305203884,0.00025270981571641943,5.054196314328389e-05,0.00020216785257313555,49.77796539706038,50.222035084933026,10.044407016986606,40.17762806794642,0.0009084466000786051,0.0006531317812914494,0.0002553148249262449,5.106296498524898e-05,0.00020425185994099593,71.89545111786823,28.104549557910534,5.620909911582108,22.48363964632843,0.0009207751869872993,0.0006667312978947404,0.00025404388887650953,5.0808777775301905e-05,0.00020323511110120762,72.40978116235195,27.59021881418419,5.518043762836839,22.072175051347354,40.395015716552734,39.11649703979492,12.09457630245015,128,5.336105386759857,5.289705274748211,3.59628832455569,7.0
271,12:00  05.01.2023,2023_01_05_12_00_58,128,7,64,3,112,0.25,128,False,False,1987779,1030848,8192,948739,51.85928616813036,0.4121182485578125,47.72859558331183,0.0004667881433609485,0.0003809878098763875,8.580033461195549e-05,1.71600669223911e-05,6.86402676895644e-05,81.61899896025957,18.381001281262098,3.6762002562524194,14.704801025009678,0.0011950539228564594,0.001108245036448352,8.68088892502783e-05,1.736177785005566e-05,6.944711140022264e-05,92.7359858205717,7.264014417256141,1.4528028834512283,5.811211533804913,0.0011013509271258215,0.00101522369755358,8.612722854017818e-05,1.7225445708035636e-05,6.890178283214254e-05,92.17985589779214,7.820144008499005,1.5640288016998012,6.256115206799205,60.108306884765625,58.350975036621094,13.121279399376363,128,5.909492478058624,5.866684858253493,3.71383649267457,7.0
272,14:16  05.01.2023,2023_01_05_14_16_59,128,7,64,3,112,0.25,256,False,False,7407939,3929408,8192,3470339,53.04320135465478,0.11058406393465173,46.846214581410564,0.009605079959631743,0.005773288754426176,0.0038317912170289974,0.0007663582434057995,0.003065432973623198,60.106618359140896,39.89338176395471,7.978676352790941,31.914705411163762,0.005606902443105355,0.003441474007559009,0.002165428404623526,0.00043308568092470523,0.001732342723698821,61.37923822432276,38.62076122416381,7.724152244832762,30.89660897933105,0.00619850580056891,0.004107597331369561,0.002090908470790964,0.00041818169415819284,0.0016727267766327714,66.26754033193869,33.73245969373872,6.746491938747745,26.98596775499098,52.59981155395508,54.85530090332031,11.951817511348054,128,5.716985725761186,5.777559136070269,3.5791581202252836,7.0
273,15:08  05.01.2023,2023_01_05_15_08_27,128,7,64,1,28,0.25,128,True,False,751027,412472,8192,330363,54.921061426553244,1.0907730347910263,43.988165538655736,0.3738543086995681,0.3676234359542529,0.006230871379860522,0.0012461742759721044,0.004984697103888418,98.33334199972472,1.66665763503817,0.3333315270076341,1.3333261080305363,0.40086295641958714,0.38942243345081806,0.011440522866905667,0.0022881045733811334,0.009152418293524534,97.14602639491733,2.8539735796716426,0.5707947159343285,2.283178863737314,0.4119403108247752,0.39988088172663083,0.012059429909339059,0.0024118859818678118,0.009647543927471247,97.07252998037524,2.92747021654521,0.5854940433090421,2.3419761732361684,26.150434494018555,29.17526626586914,3.7316657653427683,128,4.708763012187812,4.866673917527648,1.8998197738969556,7.0
274,15:59  05.01.2023,2023_01_05_15_59_47,128,7,64,1,28,0.25,256,True,False,2485027,1467952,8192,1008883,59.07187326334885,0.32965436592841846,40.59847237072273,0.34629029656449956,0.34150813178469736,0.004782163811493471,0.0009564327622986942,0.003825731049194777,98.61903009491013,1.3809696254664625,0.2761939250932925,1.10477570037317,0.3861938528716564,0.3772333450615406,0.008960507257143036,0.001792101451428607,0.007168405805714428,97.67979015111521,2.3202097056995044,0.4640419411399008,1.8561677645596033,0.3973418392703252,0.38852179432427647,0.00882004546277848,0.0017640090925556962,0.007056036370222785,97.78023755005368,2.2197625799929677,0.4439525159985935,1.775810063994374,32.47504806518555,32.86979675292969,3.8216878264793195,128,5.021259755844691,5.038690630574007,1.934209936979968,7.0
275,17:06  05.01.2023,2023_01_05_17_06_05,128,7,64,1,28,0.25,128,False,False,2512323,1293120,8192,1211011,51.47108870953298,0.3260727223370562,48.20283856812998,0.006144646923833837,0.003136211986808727,0.003008434944907397,0.0006016869889814794,0.0024067479559259177,51.03974281490443,48.96025731337449,9.7920514626749,39.1682058506996,0.1518622227013111,0.12289285380393267,0.028969366831006482,0.0057938733662012964,0.023175493464805186,80.92391354342509,19.07608509588631,3.8152170191772616,15.260868076709047,0.14733699914086174,0.11822364807265728,0.029113351126186515,0.005822670225237303,0.023290680900949212,80.24029860933261,19.759701430020748,3.9519402860041497,15.807761144016599,33.454227447509766,33.8964729309082,3.777545901364647,128,5.064116623607506,5.0830632576348975,1.917449285838499,7.0
276,19:23  05.01.2023,2023_01_05_19_23_40,128,7,64,1,28,0.25,256,False,False,9505603,4978240,8192,4519171,52.37163807493328,0.08618075044792003,47.542181174618804,0.0009752109223578979,0.0006255687485463568,0.0003496421739631236,6.992843479262471e-05,0.00027971373917049885,64.14702032190488,35.85297969363868,7.170595938727735,28.68238375491094,0.14996370673179626,0.1340092597529292,0.015954445625538938,0.0031908891251077875,0.01276355650043115,89.3611278844948,10.638871213068098,2.1277742426136195,8.511096970454478,0.1511038355066887,0.13507090427830448,0.016032930899333442,0.0032065861798666884,0.012826344719466753,89.38946111154503,10.610538670690284,2.1221077341380568,8.488430936552227,41.137420654296875,39.95552444458008,3.8082694326294586,128,5.36237943357487,5.3203230858449295,1.9291355520091937,7.0
277,20:16  05.01.2023,2023_01_05_20_16_14,128,7,64,0,7,0.25,128,True,False,751675,412796,8192,330687,54.91681910400107,1.0898327069544684,43.99334818904447,0.7634002870569626,0.6337553064028422,0.12964498072202937,0.025928996144405875,0.1037159845776235,83.01743097924107,16.982569029654513,3.396513805930902,13.586055223723609,0.7777151949703693,0.6202169843018055,0.15749821031931788,0.031499642063863575,0.1259985682554543,79.74860055620175,20.251399398891586,4.050279879778317,16.201119519113266,0.7876579605181178,0.638692620643269,0.14896533913990595,0.02979306782798119,0.11917227131192476,81.08755991282561,18.91243999386704,3.7824879987734072,15.129951995093629,11.258069038391113,8.332216262817383,1.0,128,3.4928874953401317,3.0587002850392815,0.0,7.0
278,21:08  05.01.2023,2023_01_05_21_08_54,128,7,64,0,7,0.25,256,True,False,2488371,1469624,8192,1010555,59.05968201686967,0.32921135956012987,40.6111066235702,0.9992451425641775,0.999245119591554,3.2720453227672954e-08,6.544090645534591e-09,2.6176362582138364e-08,99.99999770100224,3.2745171163613087e-06,6.549034232722618e-07,2.619613693089047e-06,0.9636500291526318,0.9636500291526318,1.3433342979651819e-08,2.6866685959303638e-09,1.0746674383721455e-08,100.0,1.3940063895877412e-06,2.788012779175483e-07,1.1152051116701932e-06,0.9598563411054784,0.9598563369727344,1.3432918712910288e-08,2.6865837425820577e-09,1.074633497032823e-08,99.99999956944141,1.3994717894387645e-06,2.7989435788775287e-07,1.1195774315510115e-06,1.0,1.0,1.0,128,0.0,0.0,0.0,7.0
279,22:15  05.01.2023,2023_01_05_22_15_53,128,7,64,0,7,0.25,128,False,False,3036867,1555392,8192,1473283,51.21699435635476,0.26975168817073647,48.513253955474504,0.9992055762559175,0.9992055762559175,8.302388060897614e-09,1.6604776121795228e-09,6.641910448718091e-09,100.0,8.308988918984174e-07,1.6617977837968348e-07,6.647191135187339e-07,0.962908186018467,0.962908186018467,3.239267803642476e-09,6.478535607284952e-10,2.591414242913981e-09,100.0,3.364046386433309e-07,6.728092772866617e-08,2.691237109146647e-07,0.9590615053275542,0.9590615044617152,4.363839328005168e-09,8.727678656010335e-10,3.491071462404134e-09,99.99999990972019,4.5501141519748086e-07,9.100228303949617e-08,3.640091321579847e-07,1.0,1.0,1.0,128,0.0,0.0,0.0,7.0
280,00:35  06.01.2023,2023_01_06_00_35_00,128,7,64,0,7,0.25,256,False,False,11603267,6027072,8192,5568003,51.94288815382772,0.07060080579030026,47.98651104038199,0.9992948938161135,0.9992948938161135,7.944757868799436e-10,1.5889515737598872e-10,6.355806295039549e-10,100.0,7.950363719422148e-08,1.5900727438844296e-08,6.360290975537718e-08,0.9629405587911606,0.9629405587911606,6.272081768884941e-10,1.254416353776988e-10,5.017665415107952e-10,100.0,6.513467224559194e-08,1.3026934449118389e-08,5.2107737796473555e-08,0.9590838837830233,0.9590838837830233,6.256943412245462e-10,1.2513886824490924e-10,5.00555472979637e-10,100.0,6.523875041633992e-08,1.3047750083267984e-08,5.219100033307194e-08,1.0,1.0,1.0,128,0.0,0.0,0.0,7.0
281,01:23  06.01.2023,2023_01_06_01_23_54,64,6,64,7,384,0.25,128,True,False,728707,403360,4096,321251,55.352837285767805,0.5620914853294945,44.0850712289027,0.0245663845174325,0.011901208839844912,0.01266517558178748,0.002533035116357496,0.010132140465429984,48.445097126114426,51.55490248392136,10.310980496784271,41.243921987137085,0.02936912258155644,0.01443173544248566,0.014937387022655457,0.0029874774045310915,0.011949909618124366,49.13914401906126,50.860855584551956,10.172171116910391,40.688684467641565,0.02881536579468502,0.014734265492592158,0.0140811003031871,0.00281622006063742,0.01126488024254968,51.13336265649588,48.86663734730152,9.773327469460305,39.09330987784122,12.995403289794922,13.304313659667969,8.794651002041064,64,3.699929500929806,3.7338221816974357,3.136626328394832,6.0
282,02:29  06.01.2023,2023_01_06_02_29_59,64,6,64,7,384,0.25,256,True,False,2403523,1429248,4096,970179,59.46471075999688,0.170416509432196,40.364872730570916,0.0005325385366935128,9.872797628910727e-05,0.0004338105577517126,8.676211155034252e-05,0.0003470484462013701,18.539123366001082,81.46087613587667,16.292175227175335,65.16870090870134,0.000812975977169117,0.0003613245635278872,0.0004516514195529453,9.033028391058906e-05,0.00036132113564235624,44.44467901573969,55.55532171143008,11.111064342286015,44.44425736914406,0.0007913771987766438,0.0003425228879057052,0.00044885431115915253,8.97708622318305e-05,0.000359083448927322,43.28187474129867,56.718125295120615,11.343625059024122,45.37450023609649,8.25644302368164,7.683319568634033,5.850944478414021,64,3.045520384874601,2.941729760228905,2.5486695280021996,6.0
283,03:36  06.01.2023,2023_01_06_03_36_23,64,6,64,7,384,0.25,128,False,False,1459139,768576,4096,686467,52.67325456998956,0.28071348925633544,47.046031940754105,0.004217137992479063,0.0018490329627335693,0.0023681050394467698,0.00047362100788935396,0.0018944840315574159,43.84568316311147,56.15431706693261,11.230863413386523,44.92345365354609,0.00470586797746364,0.002544704489992,0.0021611635020235553,0.00043223270040471107,0.0017289308016188443,54.07513560045813,45.924864708771004,9.184972941754202,36.73989176701681,0.004505411493823885,0.0024595827205970977,0.002045828773447056,0.0004091657546894112,0.0016366630187576447,54.59174426062406,45.408255744264906,9.081651148852982,36.32660459541193,10.352560043334961,10.390946388244629,7.35886723024305,64,3.3719156650397695,3.3772551531187682,2.879483705536922,6.0
284,05:53  06.01.2023,2023_01_06_05_53_11,64,6,64,7,384,0.25,256,False,False,5306179,2880576,4096,2421507,54.287199885265835,0.07719302345435387,45.63560709127981,0.0002740462168731028,0.00010680668810891802,0.00016723952815785498,3.3447905631571e-05,0.000133791622526284,38.97396918213065,61.026030596618405,12.205206119323684,48.820824477294735,0.000418859734054422,0.0002687404289645201,0.00015011930202035728,3.0023860404071456e-05,0.00012009544161628583,64.16000563319915,35.83999363396732,7.1679987267934635,28.671994907173854,0.0003925443707508691,0.0002411323824094147,0.00015141198853374505,3.028239770674901e-05,0.00012112959082699604,61.428057660888214,38.57194238809749,7.714388477619498,30.857553910477993,11.867169380187988,11.35887622833252,8.810183687950484,64,3.568903951673242,3.505748206137752,3.139172098933725,6.0
285,06:41  06.01.2023,2023_01_06_06_41_37,64,6,64,3,96,0.25,128,True,False,743587,410800,4096,328691,55.245721079039846,0.5508434117325881,44.20343550922757,0.02341564983362332,0.020616908635323245,0.0027987411734405514,0.0005597482346881103,0.002238992938752441,88.04756127553091,11.95243861830281,2.3904877236605624,9.56195089464225,0.028866627137176692,0.025382286752574146,0.0034843401226680726,0.0006968680245336145,0.002787472098134458,87.92952024479804,12.070478847806461,2.414095769561292,9.656383078245169,0.02922815993099448,0.025785381787102324,0.0034427781227108767,0.0006885556245421753,0.0027542224981687013,88.22102331443273,11.778976613098536,2.355795322619707,9.423181290478828,39.230743408203125,38.860382080078125,11.698966328753158,64,5.293912769103444,5.280228180636252,3.5483091598874053,6.0
286,07:31  06.01.2023,2023_01_06_07_31_20,64,6,64,3,96,0.25,256,True,False,2466051,1460512,4096,1001443,59.22472811795052,0.16609551059568517,40.60917637145379,0.012208889369503595,0.01027554000999468,0.0019333493711807628,0.00038666987423615257,0.0015466794969446103,84.16441249489736,15.83558760070386,3.167117520140772,12.668470080563088,0.0049312378687318414,0.003917749258107506,0.0010134885633306112,0.00020269771266612224,0.000810790850664489,79.4475821770696,20.552416863866444,4.110483372773289,16.441933491093156,0.005216723628223008,0.004185000228048352,0.0010317233970980055,0.0002063446794196011,0.0008253787176784044,80.22277057973847,19.77722936128486,3.955445872256972,15.821783489027888,47.166683197021484,45.80884552001953,12.409270056057721,64,5.5596962477274765,5.517554299229197,3.633346349962592,6.0
287,08:36  06.01.2023,2023_01_06_08_36_27,64,6,64,3,96,0.25,128,False,False,1983683,1030848,4096,948739,51.96636761014739,0.20648460464701263,47.8271477852056,0.0010169517669661825,8.432454562049922e-05,0.0009326272174803307,0.00018652544349606615,0.0007461017739842646,8.291892335470354,91.70810728443762,18.341621456887523,73.3664858275501,0.0013616795113193803,0.00044180007489558193,0.0009198794441545033,0.00018397588883090066,0.0007359035553236026,32.44523187893941,67.55476868879367,13.510953737758733,54.04381495103493,0.0012165223310134365,0.0002847305353037566,0.0009317917921691787,0.00018635835843383575,0.000745433433735343,23.405286367950094,76.59471334101528,15.318942668203055,61.27577067281222,33.69851303100586,33.71658706665039,10.542814719025046,64,5.074613027833866,5.075386602958139,3.3981881837844368,6.0
288,10:51  06.01.2023,2023_01_06_10_51_57,64,6,64,3,96,0.25,256,False,False,7403843,3929408,4096,3470339,53.07254624388983,0.05532262096859698,46.87213113514158,0.0025222773789816224,0.0009990445178118534,0.0015232328557128008,0.00030464657114256016,0.0012185862845702407,39.608828360313844,60.39117142333532,12.078234284667065,48.31293713866826,0.0022768728304072283,0.0011110906207250082,0.0011657822142296936,0.00023315644284593873,0.0009326257713837549,48.7989757656463,51.201024434078235,10.240204886815647,40.96081954726259,0.002225378768073938,0.0010516061082679329,0.0011737726568128437,0.00023475453136256874,0.000939018125450275,47.25515149846139,52.74484836703741,10.548969673407482,42.19587869362993,38.86381149291992,39.81171798706055,11.182683198945597,64,5.280355492266667,5.3151212239889185,3.483194488199278,6.0
289,11:42  06.01.2023,2023_01_06_11_42_59,64,6,64,1,24,0.25,128,True,False,746931,412472,4096,330363,55.22223605661032,0.548377293217178,44.22938665017251,0.3897922911370794,0.37389873154461384,0.01589356071538835,0.00317871214307767,0.01271484857231068,95.92255671703978,4.077443571042562,0.8154887142085124,3.2619548568340497,0.4281743783503771,0.4071063529700041,0.02106802654452622,0.004213605308905244,0.016854421235620975,95.07956887529292,4.9204313965947195,0.984086279318944,3.936345117275776,0.4407175837432078,0.41966794129666596,0.021049642700177174,0.004209928540035435,0.01683971416014174,95.22377975760395,4.7762202999465835,0.9552440599893167,3.820976239957267,17.02046775817871,16.725791931152344,3.517597287078388,64,4.089198780743892,4.064002615954275,1.8145903249954514,6.0
290,12:33  06.01.2023,2023_01_06_12_33_57,64,6,64,1,24,0.25,256,True,False,2480931,1467952,4096,1008883,59.16940051940179,0.16509931150846194,40.665500169089746,0.24546880507841706,0.15542909984166423,0.0900397046158711,0.01800794092317422,0.07203176369269688,63.31928808306665,36.68071166399623,7.3361423327992465,29.344569331196986,0.3751222491264343,0.2621977897360921,0.11292445880826563,0.022584891761653125,0.0903395670466125,69.8966244595422,30.10337538528796,6.020675077057593,24.082700308230372,0.3851824676985416,0.27465921316434105,0.11052325439010247,0.022104650878020493,0.08841860351208197,71.30626033044156,28.693739632148095,5.738747926429619,22.954991705718477,16.630630493164062,16.538970947265625,3.386379449511878,64,4.055770959370544,4.047797567881323,1.7597436386965455,6.0
291,13:39  06.01.2023,2023_01_06_13_39_37,64,6,64,1,24,0.25,128,False,False,2508227,1293120,4096,1211011,51.55514233759544,0.16330260379144312,48.281555058613115,0.03203561711901178,0.010027846127438048,0.022007770846054577,0.0044015541692109155,0.017606216676843662,31.302178728709258,68.69782081704896,13.739564163409792,54.95825665363917,0.20015028771013021,0.14870915235951543,0.0514411335461773,0.01028822670923546,0.04115290683694184,74.29874523832063,25.701253860138074,5.140250772027614,20.561003088110457,0.19316471696077997,0.14071101345102477,0.05245370341125266,0.010490740682250532,0.04196296272900213,72.84509079346755,27.15490915553839,5.430981831107679,21.723927324430715,24.39402198791504,24.163925170898438,3.665012627549004,64,4.608455738369827,4.594782918947387,1.8738181690742146,6.0
292,15:56  06.01.2023,2023_01_06_15_56_53,64,6,64,1,24,0.25,256,False,False,9501507,4978240,4096,4519171,52.39421493874603,0.04310895103271513,47.562676110221254,0.002392471198011966,0.0006175970899372866,0.0017748741038303706,0.0003549748207660741,0.0014198992830642965,25.81419121996041,74.18580860263688,14.837161720527375,59.3486468821095,0.15159705933183432,0.12364401808008552,0.027953041426371783,0.005590608285274357,0.022362433141097426,81.56096076338675,18.43903935180215,3.6878078703604302,14.751231481441721,0.15263908375956703,0.12585107628094327,0.026788007495497368,0.005357601499099474,0.021430405996397894,82.45009939864451,17.549900612410067,3.5099801224820135,14.039920489928054,36.1213264465332,35.39487838745117,3.7953973272815347,64,5.174778967293575,5.145468713399428,1.9242509244005028,6.0
293,16:49  06.01.2023,2023_01_06_16_49_18,64,6,64,0,6,0.25,128,True,False,747579,412796,4096,330687,55.217709432715466,0.5479019608629991,44.234388606421525,0.9402237037817637,0.9211026883373657,0.01912101289538744,0.0038242025790774883,0.015296810316309953,97.96633339837216,2.0336663305210223,0.40673326610420446,1.6269330644168178,0.9238700233399868,0.906030036509037,0.0178399846481625,0.0035679969296325,0.01427198771853,98.0689938649103,1.9310058988240744,0.38620117976481494,1.5448047190592598,0.9336777895623527,0.9145219776000886,0.019155811860152028,0.0038311623720304055,0.015324649488121622,97.94834875838237,2.051651230681092,0.41033024613621844,1.6413209845448737,1.0956143140792847,1.0,1.0,64,0.13174001992947548,0.0,0.0,6.0
294,17:41  06.01.2023,2023_01_06_17_41_39,64,6,64,0,6,0.25,256,True,False,2484275,1469624,4096,1010555,59.15705789415423,0.16487707681315475,40.67806502903262,0.9991806776573261,0.9991805118819078,1.6640247019426385e-07,3.328049403885277e-08,1.3312197615541108e-07,99.99998340886468,1.6653891925173155e-05,3.330778385034631e-06,1.3323113540138525e-05,0.9630315601825714,0.9630312025547028,3.6950992932105464e-07,7.390198586421093e-08,2.956079434568437e-07,99.99996286436671,3.8369451698031895e-05,7.673890339606378e-06,3.069556135842551e-05,0.9591993483045371,0.9591989781729353,3.6785213007595186e-07,7.357042601519037e-08,2.942817040607615e-07,99.99996141244232,3.8349914512156454e-05,7.669982902431293e-06,3.067993160972517e-05,1.0,1.0,1.0,64,0.0,0.0,0.0,6.0
295,18:48  06.01.2023,2023_01_06_18_48_32,64,6,64,0,6,0.25,128,False,False,3032771,1555392,4096,1473283,51.286167007004494,0.13505800470922466,48.57877498828629,0.9992016448328892,0.9992009705553452,6.742124780689807e-07,1.3484249561379613e-07,5.393699824551845e-07,99.9999325183713,6.747511691513866e-05,1.3495023383027735e-05,5.398009353211094e-05,0.9629016071557999,0.96290098503232,6.199999846856485e-07,1.239999969371297e-07,4.959999877485188e-07,99.99993539075278,6.438871636293063e-05,1.2877743272586125e-05,5.15109730903445e-05,0.9590336676883453,0.9590329582533741,7.116554968308942e-07,1.4233109936617885e-07,5.693243974647154e-07,99.99992602606194,7.420547586679294e-05,1.4841095173358588e-05,5.936438069343435e-05,1.0,1.0,1.0,64,0.0,0.0,0.0,6.0
296,21:07  06.01.2023,2023_01_06_21_07_16,64,6,64,0,6,0.25,256,False,False,11599171,6027072,4096,5568003,51.96123067760618,0.03531286847999741,48.00345645391382,0.9992572392026583,0.9992572392026583,1.1834106689381785e-08,2.366821337876357e-09,9.467285351505428e-09,100.0,1.1842903133556104e-06,2.368580626711221e-07,9.474322506844884e-07,0.9629168920218945,0.9629168920218945,1.1203852533225866e-08,2.2407705066451733e-09,8.963082026580693e-09,100.0,1.1635326606121182e-06,2.3270653212242365e-07,9.308261284896946e-07,0.9590820260964392,0.9590820200319286,1.2313206415056856e-08,2.4626412830113713e-09,9.850565132045485e-09,99.9999993676755,1.283853318070494e-06,2.567706636140988e-07,1.0270826544563952e-06,1.0,1.0,1.0,64,0.0,0.0,0.0,6.0
301,18:19  07.01.2023,2023_01_07_18_19_45,32,5,64,3,80,0.25,128,False,False,1981635,1030848,2048,948739,52.02007433255872,0.1033490022128192,47.87657666522846,0.0007877507772112343,0.0003921784048846651,0.00039557237452451466,7.911447490490293e-05,0.00031645789961961174,49.78457860404027,50.21542167497506,10.043084334995013,40.172337339980054,0.0014120092455414124,0.0009808688519115094,0.0004311403904466715,8.62280780893343e-05,0.0003449123123573372,69.46617771864595,30.533822055914207,6.106764411182841,24.427057644731363,0.0013821423958049195,0.0009469415211054155,0.0004352008753905068,8.704017507810136e-05,0.0003481607003124054,68.5125877029439,31.487412347051148,6.29748246941023,25.18992987764092,23.132671356201172,22.613571166992188,9.925079136970453,32,4.531859972612806,4.49911693740027,3.3110786055361654,5.0
302,19:24  07.01.2023,2023_01_07_19_24_23,16,4,64,3,64,0.25,128,False,False,1980611,1030848,1024,948739,52.0469693443084,0.05170121745259417,47.90132943823901,0.062071076477877796,0.011274104925784437,0.05079697128773357,0.010159394257546714,0.040637577030186854,18.163217984148446,81.83678158995305,16.36735631799061,65.46942527196244,0.046695941244252026,0.014580012721125968,0.032115928042912856,0.006423185608582571,0.025692742434330285,31.223297641356947,68.77670133025988,13.755340266051977,55.02136106420791,0.03954754069923183,0.009252685002195449,0.0302948556813476,0.00605897113626952,0.02423588454507808,23.396360022900673,76.60363993742864,15.320727987485727,61.28291194994291,11.029050827026367,11.41341495513916,6.790012631681748,16,3.463236731141682,3.5126586132201116,2.763414258365098,4.0
303,20:29  07.01.2023,2023_01_07_20_29_04,8,3,64,3,48,0.25,128,False,False,1980099,1030848,512,948739,52.06042728166622,0.025857292993936163,47.913715425339845,0.0017369519967663412,0.00031618583928623895,0.001420766169151951,0.0002841532338303902,0.0011366129353215608,18.203487481224446,81.79651319074857,16.359302638149714,65.43721055259886,0.006679399957647547,0.00441541506734211,0.0022639849066763418,0.00045279698133526836,0.0018111879253410734,66.10496594513256,33.89503429996287,6.779006859992574,27.116027439970296,0.005698966018798046,0.0035366185892709012,0.002162347434624401,0.0004324694869248802,0.0017298779476995207,62.057197351332874,37.9428027381089,7.588560547621779,30.354242190487117,6.494436740875244,6.252731800079346,5.052818451542407,8,2.699204406907387,2.6444866367127076,2.3370883446570754,3.0
304,21:33  07.01.2023,2023_01_07_21_33_49,4,2,64,3,32,0.25,128,False,False,1979843,1030848,256,948739,52.06715886057632,0.012930318212100656,47.91991082121158,0.012634087237529457,0.005512079951586202,0.007122007449045972,0.0014244014898091943,0.005697605959236777,43.62863614881977,56.37136514215372,11.274273028430743,45.09709211372297,0.06821873062290251,0.058701141038909554,0.009517589132883586,0.0019035178265767172,0.007614071306306869,86.04842175002638,13.951577588704536,2.790315517740907,11.161262070963629,0.06604480686615943,0.0561863558285296,0.009858451123001544,0.0019716902246003087,0.007886760898401235,85.0730867339682,14.926913395295118,2.985382679059024,11.941530716236096,3.6248586177825928,3.4764623641967773,3.170955710171256,4,1.8579247260512486,1.7976199711550336,1.6649177269647664,2.0
306,00:54  08.01.2023,2023_01_08_00_54_10,32,5,64,3,80,0.25,256,False,False,7401795,3929408,2048,3470339,53.08723086764765,0.0276689640823611,46.88510016826999,0.9991470320771138,0.9991470320771138,7.105023528431823e-09,1.4210047056863646e-09,5.6840188227454585e-09,100.0,7.11108905929619e-07,1.422217811859238e-07,5.688871247436952e-07,0.9629340320825577,0.9629340320825577,7.999420015281089e-09,1.5998840030562178e-09,6.399536012224871e-09,100.0,8.307339598311397e-07,1.6614679196622795e-07,6.645871678649118e-07,0.9590593150351197,0.9590593108150642,7.999420015281089e-09,1.5998840030562178e-09,6.399536012224871e-09,99.99999955997973,8.340902267330732e-07,1.6681804534661465e-07,6.672721813864586e-07,1.0,1.0,1.0,32,0.0,0.0,0.0,5.0
307,03:09  08.01.2023,2023_01_08_03_09_45,16,4,64,3,64,0.25,256,False,False,7400771,3929408,1024,3470339,53.094576227260646,0.01383639623493282,46.891587376504425,0.0024862345065533495,0.0009581386129866587,0.0015280958875033925,0.0003056191775006785,0.001222476710002714,38.53774092754106,61.46225882858418,12.292451765716837,49.16980706286735,0.010484321159310639,0.00876221651560627,0.0017221045527548995,0.0003444209105509799,0.0013776836422039196,83.57447642497056,16.425522707548676,3.285104541509735,13.14041816603894,0.010112032984380903,0.00840048815870631,0.0017115448237881026,0.0003423089647576205,0.001369235859030482,83.07417679196405,16.92582318938005,3.3851646378760107,13.540658551504043,14.59598445892334,14.333553314208984,8.644193643471226,16,3.867499614813449,3.8413243955774323,3.1117313911870625,4.0
308,05:25  08.01.2023,2023_01_08_05_25_15,8,3,64,3,48,0.25,256,False,False,7400259,3929408,512,3470339,53.09824966936968,0.006918676765232136,46.89483165386509,0.00037462456081508816,0.00013481885086245407,0.00023980570953578234,4.796114190715647e-05,0.00019184456762862587,35.98772343412893,64.0122764545992,12.80245529091984,51.20982116367936,0.014373239129781723,0.013724715157877654,0.0006485240942311066,0.00012970481884622131,0.0005188192753848853,95.48797618930371,4.512024661771249,0.9024049323542498,3.609619729416999,0.014100147298497845,0.013452361541994584,0.0006477857301950829,0.00012955714603901658,0.0005182285841560663,95.40582277057295,4.594177042846173,0.9188354085692346,3.6753416342769385,5.5293803215026855,5.573528289794922,4.484674370032735,8,2.467117806465605,2.478590906501471,2.1650032355806696,3.0
309,07:40  08.01.2023,2023_01_08_07_40_48,4,2,64,3,32,0.25,256,False,False,7400003,3929408,256,3470339,53.10008658104598,0.0034594580569764634,46.89645396089704,0.10920574927392106,0.09960839520984639,0.009597354166241226,0.0019194708332482453,0.007677883332992981,91.21167692371067,8.78832316984352,1.757664633968704,7.030658535874816,0.16090162424370646,0.15280513791367412,0.008096486672002356,0.0016192973344004713,0.006477189337601885,94.96805183410133,5.0319483784322605,1.006389675686452,4.025558702745808,0.16533677159998206,0.15997196632260113,0.00536480521949656,0.001072961043899312,0.004291844175597248,96.7552255765822,3.244774388407825,0.6489548776815649,2.5958195107262596,2.1101183891296387,2.1342227458953857,1.9214905592962168,4,1.077323944249402,1.0937107561194181,0.9422258881415486,2.0
311,10:44  08.01.2023,2023_01_08_10_44_43,32,5,64,3,80,0.25,128,True,False,741539,410800,2048,328691,55.39830002198131,0.2761823720667423,44.325517605951944,0.043541643380497895,0.0372122583600382,0.006329384938605168,0.0012658769877210336,0.0050635079508841345,85.46360557604815,14.53639423596049,2.907278847192098,11.629115388768392,0.04895691480487585,0.04161397065035999,0.007342943936237134,0.0014685887872474268,0.005874355148989707,85.00121140439073,14.998788149750434,2.999757629950086,11.999030519800344,0.05023725042303795,0.042790092056691265,0.007447158419715549,0.0014894316839431099,0.0059577267357724395,85.17602316282114,14.823976943412509,2.9647953886825023,11.859181554730009,20.183618545532227,21.178144454956055,8.68067860265728,32,4.335112940773722,4.404504286535692,3.117807828202083,5.0
312,11:33  08.01.2023,2023_01_08_11_33_16,16,4,64,3,64,0.25,128,True,False,740515,410800,1024,328691,55.47490597759668,0.13828214148261683,44.38681188092071,0.03212743089534342,0.027333110163453966,0.004794320699753977,0.0009588641399507954,0.0038354565598031818,85.07717362304139,14.922826276933554,2.984565255386711,11.938261021546843,0.040401212871074677,0.03377639956306666,0.006624813577218447,0.0013249627154436894,0.0052998508617747575,83.60243953777174,16.397561128570707,3.2795122257141416,13.118048902856566,0.04085297140102284,0.03433497566635424,0.006517995703418933,0.0013035991406837866,0.005214396562735146,84.0452346276447,15.954765295862275,3.190953059172455,12.76381223668982,12.485296249389648,12.339183807373047,7.442586233490147,16,3.6421581486288304,3.6251750634428688,2.8958040323394094,4.0
313,12:21  08.01.2023,2023_01_08_12_21_32,8,3,64,3,48,0.25,128,True,False,740003,410800,512,328691,55.51328845964137,0.06918890869361341,44.41752263166501,0.03708979988005012,0.018609122091826674,0.018480677814901963,0.0036961355629803925,0.01478454225192157,50.17315313646692,49.82684693546259,9.965369387092519,39.861477548370075,0.05463067186065018,0.03320879000239074,0.02142188182915561,0.004284376365831122,0.017137505463324487,60.78781181219672,39.212188134529484,7.842437626905897,31.36975050762359,0.053910532223426344,0.032290346059483,0.021620186277004905,0.004324037255400981,0.017296149021603924,59.8961737674174,40.10382644230332,8.020765288460662,32.08306115384265,5.369314670562744,5.4243855476379395,4.111553377355449,8,2.4247379570231447,2.439459724178053,2.039683558483807,3.0
314,13:09  08.01.2023,2023_01_08_13_09_42,4,2,64,3,32,0.25,128,True,False,739747,410800,256,328691,55.53249962487175,0.03460642625113721,44.432893948877116,0.19944227254018188,0.176642296059678,0.022799975862047482,0.004559995172409496,0.018239980689637985,88.56813242743694,11.431867262470117,2.286373452494024,9.145493809976095,0.2362899174913764,0.20921122655272484,0.02707869090954773,0.005415738181909546,0.021662952727638185,88.54005654319135,11.459943444491655,2.291988688898331,9.167954755593325,0.23367980286730017,0.20793246667079757,0.025747336210324434,0.005149467242064887,0.020597868968259547,88.98178795061558,11.01821205529927,2.203642411059854,8.814569644239416,1.9199845790863037,1.8802909851074219,1.7098154301056638,4,0.9410947235687962,0.910955943970152,0.7738405985364752,2.0
316,14:47  08.01.2023,2023_01_08_14_47_40,32,5,64,3,80,0.25,256,True,False,2464003,1460512,2048,1001443,59.27395380606274,0.08311678191950253,40.64292941201776,0.001002864736316648,0.00016198938798576515,0.0008408753456023987,0.00016817506912047975,0.000672700276481919,16.152665670619218,83.84733405731177,16.769466811462355,67.07786724584942,0.0017583213411853649,0.0008576001546316547,0.000900721165635332,0.0001801442331270664,0.0007205769325082656,48.77380115590858,51.22619765441251,10.245239530882502,40.98095812353001,0.0014622264159385168,0.0005721047644029476,0.0008901216544021651,0.000178024330880433,0.000712097323521732,39.125593558351035,60.87440663769219,12.174881327538438,48.69952531015375,18.315523147583008,17.717056274414062,8.625187483616173,32,4.194995004322842,4.147067011923606,3.1085558166324976,5.0
317,15:37  08.01.2023,2023_01_08_15_37_20,16,4,64,3,64,0.25,256,True,False,2462979,1460512,1024,1001443,59.298597348982675,0.041575669138876135,40.65982698187845,0.0008793447517139915,0.00012078274380655785,0.0007585620111664564,0.00015171240223329127,0.0006068496089331651,13.735539283214218,86.26446108740524,17.252892217481048,69.01156886992419,0.0021104106126585975,0.0012218256797495997,0.0008885849274520297,0.00017771698549040593,0.0007108679419616237,57.89516373832105,42.10483600310517,8.420967200621035,33.68386880248414,0.0018392184010878054,0.0009706137465865794,0.0008686046518757706,0.00017372093037515413,0.0006948837215006165,52.7731641882503,47.226835669001275,9.445367133800255,37.78146853520102,12.085484504699707,12.513888359069824,7.642768542165868,16,3.595203406511018,3.6454582332897063,2.934095339640144,4.0
318,16:26  08.01.2023,2023_01_08_16_26_53,8,3,64,3,48,0.25,256,True,False,2462467,1460512,512,1001443,59.31092680632878,0.020792156808598857,40.66828103686262,0.00521009614506814,0.000695009128927874,0.004515087027054203,0.0009030174054108405,0.003612069621643362,13.339660335937706,86.66033987353899,17.332067974707797,69.32827189883119,0.016208541113883257,0.007615276874275878,0.008593264101364184,0.0017186528202728368,0.006874611281091347,46.98311106946628,53.01688807763034,10.603377615526068,42.41351046210427,0.017319911231084006,0.008838098880424639,0.00848181242275814,0.0016963624845516279,0.006785449938206511,51.02854606184657,48.971454354430236,9.794290870886046,39.177163483544184,5.964947700500488,5.863420486450195,4.568211839767173,8,2.5765094887068636,2.5517425211662506,2.1916295537426245,3.0
319,17:16  08.01.2023,2023_01_08_17_16_37,4,2,64,3,32,0.25,256,True,False,2462211,1460512,256,1001443,59.317093457871806,0.010397159301132195,40.67250938282706,0.08805988954069714,0.08390614048888285,0.0041537492537221015,0.0008307498507444203,0.0033229994029776813,95.28304081065805,4.716959418626608,0.9433918837253218,3.773567534901287,0.14343759277835488,0.1372138108126819,0.006223782402230427,0.0012447564804460853,0.004979025921784341,95.66098269977927,4.339017604574309,0.8678035209148619,3.4712140836594476,0.1457943144388878,0.14030869713738525,0.005485617504699114,0.0010971235009398228,0.004388494003759291,96.23742714342819,3.7625729959438887,0.7525145991887777,3.010058396755111,2.5457441806793213,2.5606496334075928,2.2443768330849707,4,1.3480874515219148,1.3565098664750306,1.1663149262052848,2.0
305,19:59  08.01.2023,2023_01_08_19_59_38,2,1,64,3,16,0.25,128,True,False,739619,410800,128,328691,55.54211019457315,0.0173062076555632,44.44058359777128,0.910302355264624,0.9083524644374847,0.00194989159524539,0.000389978319049078,0.001559913276196312,99.78579745335577,0.21420263102346454,0.04284052620469291,0.17136210481877165,0.904848612844944,0.902144268155098,0.002704343463619807,0.0005408686927239614,0.0021634747708958457,99.70112738733795,0.2988724771447737,0.059774495428954744,0.23909798171581897,0.8949707802239573,0.8923389486405995,0.002631832080957075,0.000526366416191415,0.00210546566476566,99.70593100450729,0.29406905109220277,0.058813810218440565,0.23525524087376226,1.0110843181610107,1.0042200088500977,1.003504116437398,2,0.015903314076111025,0.006075375767913948,0.005046534739034753,1.0
310,21:34  08.01.2023,2023_01_08_21_34_28,2,1,64,3,16,0.25,256,True,False,2462083,1460512,128,1001443,59.32017726453576,0.005198849916919941,40.67462388554732,0.34422535076737404,0.2479406618513167,0.09628468925560205,0.01925693785112041,0.07702775140448163,72.02858862619735,27.97141147244289,5.594282294488578,22.377129177954313,0.45481053180992603,0.3614838682115078,0.09332666755653918,0.018665333511307836,0.07466133404523134,79.48010059770972,20.519900272569362,4.1039800545138725,16.41592021805549,0.451230475675402,0.35742775803873883,0.09380271715242916,0.018760543430485832,0.07504217372194333,79.21179470507633,20.78820518760955,4.15764103752191,16.63056415008764,1.9762394428253174,1.9888865947723389,1.9247754346579313,2,0.9827577556517083,0.9919610168333354,0.9446901350521589,1.0
315,22:39  08.01.2023,2023_01_08_22_39_24,2,1,64,3,16,0.25,128,False,False,1979715,1030848,128,948739,52.070525302884505,0.006465577115897996,47.92300911999959,0.9992098057021698,0.9991897052774826,2.010412461099046e-05,4.020824922198092e-06,1.608329968879237e-05,99.99798836795111,0.0020120023338704917,0.00040240046677409835,0.0016096018670963934,0.9630577489733696,0.9630424566566944,1.5305756768668743e-05,3.0611513537337487e-06,1.2244605414934995e-05,99.99841210802867,0.0015892875359743328,0.0003178575071948666,0.0012714300287794665,0.9591680449266278,0.9591501905379118,1.7854929836550078e-05,3.5709859673100156e-06,1.4283943869240062e-05,99.99813855467659,0.0018615017390321738,0.00037230034780643475,0.001489201391225739,1.0,1.0,1.0,2,0.0,0.0,0.0,1.0
320,00:54  09.01.2023,2023_01_09_00_54_38,2,1,64,3,16,0.25,256,False,False,7399875,3929408,128,3470339,53.10100508454535,0.0017297589486308892,46.89726515650602,0.9992881895353397,0.9992754155149063,1.2775593850970306e-05,2.555118770194061e-06,1.0220475080776245e-05,99.99872168804083,0.001278469413003955,0.000255693882600791,0.001022775530403164,0.9629315920174122,0.962920930236578,1.0652871615945969e-05,2.130574323189194e-06,8.522297292756775e-06,99.9988927789967,0.0011062957851063358,0.00022125915702126715,0.0008850366280850686,0.9590939631307265,0.9590815009214566,1.2462690962824693e-05,2.4925381925649387e-06,9.970152770259755e-06,99.99870062686776,0.0012994233559914508,0.00025988467119829014,0.0010395386847931606,1.0,1.0,1.0,2,0.0,0.0,0.0,1.0
